[{"model": "admin.logentry", "pk": 1, "fields": {"action_time": "2023-03-06T05:37:07.671Z", "user": 1, "content_type": 10, "object_id": "8", "object_repr": "ameenarshad.sh@gmail.com", "action_flag": 3, "change_message": ""}}, {"model": "admin.logentry", "pk": 2, "fields": {"action_time": "2023-03-06T05:37:07.676Z", "user": 1, "content_type": 10, "object_id": "10", "object_repr": "ameenarshad.shi@gmail.com", "action_flag": 3, "change_message": ""}}, {"model": "admin.logentry", "pk": 3, "fields": {"action_time": "2023-03-06T05:49:39.550Z", "user": 1, "content_type": 12, "object_id": "e269ef03-2918-4211-b8a9-eb5830dc7ccf", "object_repr": "ameen", "action_flag": 2, "change_message": "[{\"changed\": {\"fields\": [\"Dob\", \"Work start date\", \"Work end date\", \"Visa start date\", \"Visa end date\"]}}]"}}, {"model": "admin.logentry", "pk": 4, "fields": {"action_time": "2023-03-06T05:50:07.701Z", "user": 1, "content_type": 12, "object_id": "e269ef03-2918-4211-b8a9-eb5830dc7ccf", "object_repr": "ameen", "action_flag": 2, "change_message": "[{\"changed\": {\"fields\": [\"University dead line\", \"Course start date\"]}}]"}}, {"model": "admin.logentry", "pk": 5, "fields": {"action_time": "2023-03-06T05:54:22.184Z", "user": 1, "content_type": 12, "object_id": "e269ef03-2918-4211-b8a9-eb5830dc7ccf", "object_repr": "ameen", "action_flag": 2, "change_message": "[{\"changed\": {\"fields\": [\"Dob\", \"University dead line\", \"Course start date\", \"Work start date\", \"Work end date\", \"Visa start date\", \"Visa end date\"]}}]"}}, {"model": "admin.logentry", "pk": 6, "fields": {"action_time": "2023-03-06T05:59:48.482Z", "user": 1, "content_type": 12, "object_id": "e269ef03-2918-4211-b8a9-eb5830dc7ccf", "object_repr": "ameen", "action_flag": 2, "change_message": "[{\"changed\": {\"fields\": [\"University dead line\", \"Course start date\", \"Visa start date\", \"Visa end date\"]}}]"}}, {"model": "admin.logentry", "pk": 7, "fields": {"action_time": "2023-03-06T06:03:32.310Z", "user": 1, "content_type": 12, "object_id": "e269ef03-2918-4211-b8a9-eb5830dc7ccf", "object_repr": "ameen", "action_flag": 2, "change_message": "[{\"changed\": {\"fields\": [\"University dead line\", \"Work start date\", \"Work end date\"]}}]"}}, {"model": "admin.logentry", "pk": 8, "fields": {"action_time": "2023-03-06T06:57:55.584Z", "user": 1, "content_type": 12, "object_id": "e269ef03-2918-4211-b8a9-eb5830dc7ccf", "object_repr": "ameen", "action_flag": 2, "change_message": "[{\"changed\": {\"fields\": [\"Dob\", \"University dead line\", \"Course start date\", \"Course end date\", \"Work start date\", \"Work end date\", \"Visa start date\", \"Visa end date\"]}}]"}}, {"model": "admin.logentry", "pk": 9, "fields": {"action_time": "2023-03-06T07:01:07.940Z", "user": 1, "content_type": 12, "object_id": "e269ef03-2918-4211-b8a9-eb5830dc7ccf", "object_repr": "ameen", "action_flag": 2, "change_message": "[{\"changed\": {\"fields\": [\"Dob\", \"University dead line\", \"Course start date\", \"Course end date\", \"Visa start date\", \"Visa end date\", \"Application submitted\"]}}]"}}, {"model": "admin.logentry", "pk": 10, "fields": {"action_time": "2023-03-06T11:48:39.322Z", "user": 1, "content_type": 10, "object_id": "11", "object_repr": "hashid.osperb@gmail.com", "action_flag": 3, "change_message": ""}}, {"model": "admin.logentry", "pk": 11, "fields": {"action_time": "2023-03-06T11:48:39.385Z", "user": 1, "content_type": 10, "object_id": "12", "object_repr": "hashid0001@gmail.com", "action_flag": 3, "change_message": ""}}, {"model": "admin.logentry", "pk": 12, "fields": {"action_time": "2023-03-06T11:48:39.446Z", "user": 1, "content_type": 10, "object_id": "13", "object_repr": "ameenarshad.sh@gmail.com", "action_flag": 3, "change_message": ""}}, {"model": "admin.logentry", "pk": 13, "fields": {"action_time": "2023-03-06T11:50:43.924Z", "user": 1, "content_type": 10, "object_id": "2", "object_repr": "irfankc8@gmail.com", "action_flag": 3, "change_message": ""}}, {"model": "admin.logentry", "pk": 14, "fields": {"action_time": "2023-03-06T11:50:43.981Z", "user": 1, "content_type": 10, "object_id": "5", "object_repr": "ashiksharaf.koori@gmail.com", "action_flag": 3, "change_message": ""}}, {"model": "admin.logentry", "pk": 15, "fields": {"action_time": "2023-03-06T11:50:44.036Z", "user": 1, "content_type": 10, "object_id": "9", "object_repr": "rashidrashimrv002@gmail.com", "action_flag": 3, "change_message": ""}}, {"model": "admin.logentry", "pk": 16, "fields": {"action_time": "2023-03-06T12:11:37.338Z", "user": 1, "content_type": 12, "object_id": "e7fd97e0-bba9-4e3f-88e9-6db0d63cb94c", "object_repr": "Test", "action_flag": 2, "change_message": "[{\"changed\": {\"fields\": [\"Dob\", \"University dead line\", \"Course start date\", \"Work start date\", \"Work end date\", \"Visa start date\", \"Visa end date\"]}}]"}}, {"model": "admin.logentry", "pk": 17, "fields": {"action_time": "2023-03-06T12:11:57.674Z", "user": 1, "content_type": 12, "object_id": "f8407d84-6dc6-47fb-a3fe-440f21da8dc3", "object_repr": "Joy Joseph", "action_flag": 2, "change_message": "[{\"changed\": {\"fields\": [\"Address\"]}}]"}}, {"model": "admin.logentry", "pk": 18, "fields": {"action_time": "2023-03-06T12:12:13.474Z", "user": 1, "content_type": 12, "object_id": "33019b4f-9d64-4b9b-9475-910b2573fb69", "object_repr": "Mohammed Shamzeer", "action_flag": 2, "change_message": "[]"}}, {"model": "admin.logentry", "pk": 19, "fields": {"action_time": "2023-03-06T12:12:31.575Z", "user": 1, "content_type": 12, "object_id": "08f5ab9a-4021-487b-8ca2-ea159c17e1c2", "object_repr": "Alan kochupurakkal Jacob", "action_flag": 2, "change_message": "[{\"changed\": {\"fields\": [\"Address\"]}}]"}}, {"model": "admin.logentry", "pk": 20, "fields": {"action_time": "2023-05-20T15:22:51.436Z", "user": 1, "content_type": 10, "object_id": "14", "object_repr": "hashid.osperb@gmail.com", "action_flag": 2, "change_message": "[{\"changed\": {\"fields\": [\"password\"]}}]"}}, {"model": "admin.logentry", "pk": 21, "fields": {"action_time": "2023-05-20T15:23:46.005Z", "user": 1, "content_type": 12, "object_id": "94523fe6-de17-4a10-8340-a5a1d3857519", "object_repr": "tester", "action_flag": 2, "change_message": "[{\"changed\": {\"fields\": [\"Fees paid\"]}}]"}}, {"model": "admin.logentry", "pk": 22, "fields": {"action_time": "2023-05-20T15:25:31.877Z", "user": 1, "content_type": 12, "object_id": "94523fe6-de17-4a10-8340-a5a1d3857519", "object_repr": "tester", "action_flag": 2, "change_message": "[{\"changed\": {\"fields\": [\"Application submitted\"]}}]"}}, {"model": "admin.logentry", "pk": 23, "fields": {"action_time": "2023-09-12T19:50:13.114Z", "user": 1, "content_type": 10, "object_id": "47", "object_repr": "rashidosperb@gmail.com", "action_flag": 2, "change_message": "[{\"changed\": {\"fields\": [\"password\"]}}]"}}, {"model": "auth.permission", "pk": 1, "fields": {"name": "Can add log entry", "content_type": 1, "codename": "add_logentry"}}, {"model": "auth.permission", "pk": 2, "fields": {"name": "Can change log entry", "content_type": 1, "codename": "change_logentry"}}, {"model": "auth.permission", "pk": 3, "fields": {"name": "Can delete log entry", "content_type": 1, "codename": "delete_logentry"}}, {"model": "auth.permission", "pk": 4, "fields": {"name": "Can view log entry", "content_type": 1, "codename": "view_logentry"}}, {"model": "auth.permission", "pk": 5, "fields": {"name": "Can add permission", "content_type": 2, "codename": "add_permission"}}, {"model": "auth.permission", "pk": 6, "fields": {"name": "Can change permission", "content_type": 2, "codename": "change_permission"}}, {"model": "auth.permission", "pk": 7, "fields": {"name": "Can delete permission", "content_type": 2, "codename": "delete_permission"}}, {"model": "auth.permission", "pk": 8, "fields": {"name": "Can view permission", "content_type": 2, "codename": "view_permission"}}, {"model": "auth.permission", "pk": 9, "fields": {"name": "Can add group", "content_type": 3, "codename": "add_group"}}, {"model": "auth.permission", "pk": 10, "fields": {"name": "Can change group", "content_type": 3, "codename": "change_group"}}, {"model": "auth.permission", "pk": 11, "fields": {"name": "Can delete group", "content_type": 3, "codename": "delete_group"}}, {"model": "auth.permission", "pk": 12, "fields": {"name": "Can view group", "content_type": 3, "codename": "view_group"}}, {"model": "auth.permission", "pk": 13, "fields": {"name": "Can add content type", "content_type": 4, "codename": "add_contenttype"}}, {"model": "auth.permission", "pk": 14, "fields": {"name": "Can change content type", "content_type": 4, "codename": "change_contenttype"}}, {"model": "auth.permission", "pk": 15, "fields": {"name": "Can delete content type", "content_type": 4, "codename": "delete_contenttype"}}, {"model": "auth.permission", "pk": 16, "fields": {"name": "Can view content type", "content_type": 4, "codename": "view_contenttype"}}, {"model": "auth.permission", "pk": 17, "fields": {"name": "Can add session", "content_type": 5, "codename": "add_session"}}, {"model": "auth.permission", "pk": 18, "fields": {"name": "Can change session", "content_type": 5, "codename": "change_session"}}, {"model": "auth.permission", "pk": 19, "fields": {"name": "Can delete session", "content_type": 5, "codename": "delete_session"}}, {"model": "auth.permission", "pk": 20, "fields": {"name": "Can view session", "content_type": 5, "codename": "view_session"}}, {"model": "auth.permission", "pk": 21, "fields": {"name": "Can add Message", "content_type": 6, "codename": "add_message"}}, {"model": "auth.permission", "pk": 22, "fields": {"name": "Can change Message", "content_type": 6, "codename": "change_message"}}, {"model": "auth.permission", "pk": 23, "fields": {"name": "Can delete Message", "content_type": 6, "codename": "delete_message"}}, {"model": "auth.permission", "pk": 24, "fields": {"name": "Can view Message", "content_type": 6, "codename": "view_message"}}, {"model": "auth.permission", "pk": 25, "fields": {"name": "Can add chat", "content_type": 7, "codename": "add_chat"}}, {"model": "auth.permission", "pk": 26, "fields": {"name": "Can change chat", "content_type": 7, "codename": "change_chat"}}, {"model": "auth.permission", "pk": 27, "fields": {"name": "Can delete chat", "content_type": 7, "codename": "delete_chat"}}, {"model": "auth.permission", "pk": 28, "fields": {"name": "Can view chat", "content_type": 7, "codename": "view_chat"}}, {"model": "auth.permission", "pk": 29, "fields": {"name": "Can add chat member", "content_type": 8, "codename": "add_chatmember"}}, {"model": "auth.permission", "pk": 30, "fields": {"name": "Can change chat member", "content_type": 8, "codename": "change_chatmember"}}, {"model": "auth.permission", "pk": 31, "fields": {"name": "Can delete chat member", "content_type": 8, "codename": "delete_chatmember"}}, {"model": "auth.permission", "pk": 32, "fields": {"name": "Can view chat member", "content_type": 8, "codename": "view_chatmember"}}, {"model": "auth.permission", "pk": 33, "fields": {"name": "Can add Message file", "content_type": 9, "codename": "add_messagefile"}}, {"model": "auth.permission", "pk": 34, "fields": {"name": "Can change Message file", "content_type": 9, "codename": "change_messagefile"}}, {"model": "auth.permission", "pk": 35, "fields": {"name": "Can delete Message file", "content_type": 9, "codename": "delete_messagefile"}}, {"model": "auth.permission", "pk": 36, "fields": {"name": "Can view Message file", "content_type": 9, "codename": "view_messagefile"}}, {"model": "auth.permission", "pk": 37, "fields": {"name": "Can add account", "content_type": 10, "codename": "add_account"}}, {"model": "auth.permission", "pk": 38, "fields": {"name": "Can change account", "content_type": 10, "codename": "change_account"}}, {"model": "auth.permission", "pk": 39, "fields": {"name": "Can delete account", "content_type": 10, "codename": "delete_account"}}, {"model": "auth.permission", "pk": 40, "fields": {"name": "Can view account", "content_type": 10, "codename": "view_account"}}, {"model": "auth.permission", "pk": 41, "fields": {"name": "Can add otp verification", "content_type": 11, "codename": "add_otpverification"}}, {"model": "auth.permission", "pk": 42, "fields": {"name": "Can change otp verification", "content_type": 11, "codename": "change_otpverification"}}, {"model": "auth.permission", "pk": 43, "fields": {"name": "Can delete otp verification", "content_type": 11, "codename": "delete_otpverification"}}, {"model": "auth.permission", "pk": 44, "fields": {"name": "Can view otp verification", "content_type": 11, "codename": "view_otpverification"}}, {"model": "auth.permission", "pk": 45, "fields": {"name": "Can add Student", "content_type": 12, "codename": "add_student"}}, {"model": "auth.permission", "pk": 46, "fields": {"name": "Can change Student", "content_type": 12, "codename": "change_student"}}, {"model": "auth.permission", "pk": 47, "fields": {"name": "Can delete Student", "content_type": 12, "codename": "delete_student"}}, {"model": "auth.permission", "pk": 48, "fields": {"name": "Can view Student", "content_type": 12, "codename": "view_student"}}, {"model": "auth.permission", "pk": 49, "fields": {"name": "Can add specilizations", "content_type": 13, "codename": "add_specialization"}}, {"model": "auth.permission", "pk": 50, "fields": {"name": "Can change specilizations", "content_type": 13, "codename": "change_specialization"}}, {"model": "auth.permission", "pk": 51, "fields": {"name": "Can delete specilizations", "content_type": 13, "codename": "delete_specialization"}}, {"model": "auth.permission", "pk": 52, "fields": {"name": "Can view specilizations", "content_type": 13, "codename": "view_specialization"}}, {"model": "auth.permission", "pk": 53, "fields": {"name": "Can add job_application", "content_type": 14, "codename": "add_jobapplication"}}, {"model": "auth.permission", "pk": 54, "fields": {"name": "Can change job_application", "content_type": 14, "codename": "change_jobapplication"}}, {"model": "auth.permission", "pk": 55, "fields": {"name": "Can delete job_application", "content_type": 14, "codename": "delete_jobapplication"}}, {"model": "auth.permission", "pk": 56, "fields": {"name": "Can view job_application", "content_type": 14, "codename": "view_jobapplication"}}, {"model": "auth.permission", "pk": 57, "fields": {"name": "Can add Student_Note", "content_type": 15, "codename": "add_studentnote"}}, {"model": "auth.permission", "pk": 58, "fields": {"name": "Can change Student_Note", "content_type": 15, "codename": "change_studentnote"}}, {"model": "auth.permission", "pk": 59, "fields": {"name": "Can delete Student_Note", "content_type": 15, "codename": "delete_studentnote"}}, {"model": "auth.permission", "pk": 60, "fields": {"name": "Can view Student_Note", "content_type": 15, "codename": "view_studentnote"}}, {"model": "auth.permission", "pk": 61, "fields": {"name": "Can add Token", "content_type": 16, "codename": "add_token"}}, {"model": "auth.permission", "pk": 62, "fields": {"name": "Can change Token", "content_type": 16, "codename": "change_token"}}, {"model": "auth.permission", "pk": 63, "fields": {"name": "Can delete Token", "content_type": 16, "codename": "delete_token"}}, {"model": "auth.permission", "pk": 64, "fields": {"name": "Can view Token", "content_type": 16, "codename": "view_token"}}, {"model": "auth.permission", "pk": 65, "fields": {"name": "Can add token", "content_type": 17, "codename": "add_tokenproxy"}}, {"model": "auth.permission", "pk": 66, "fields": {"name": "Can change token", "content_type": 17, "codename": "change_tokenproxy"}}, {"model": "auth.permission", "pk": 67, "fields": {"name": "Can delete token", "content_type": 17, "codename": "delete_tokenproxy"}}, {"model": "auth.permission", "pk": 68, "fields": {"name": "Can view token", "content_type": 17, "codename": "view_tokenproxy"}}, {"model": "contenttypes.contenttype", "pk": 1, "fields": {"app_label": "admin", "model": "logentry"}}, {"model": "contenttypes.contenttype", "pk": 2, "fields": {"app_label": "auth", "model": "permission"}}, {"model": "contenttypes.contenttype", "pk": 3, "fields": {"app_label": "auth", "model": "group"}}, {"model": "contenttypes.contenttype", "pk": 4, "fields": {"app_label": "contenttypes", "model": "contenttype"}}, {"model": "contenttypes.contenttype", "pk": 5, "fields": {"app_label": "sessions", "model": "session"}}, {"model": "contenttypes.contenttype", "pk": 6, "fields": {"app_label": "chat", "model": "message"}}, {"model": "contenttypes.contenttype", "pk": 7, "fields": {"app_label": "chat", "model": "chat"}}, {"model": "contenttypes.contenttype", "pk": 8, "fields": {"app_label": "chat", "model": "chatmember"}}, {"model": "contenttypes.contenttype", "pk": 9, "fields": {"app_label": "chat", "model": "messagefile"}}, {"model": "contenttypes.contenttype", "pk": 10, "fields": {"app_label": "account", "model": "account"}}, {"model": "contenttypes.contenttype", "pk": 11, "fields": {"app_label": "account", "model": "otpverification"}}, {"model": "contenttypes.contenttype", "pk": 12, "fields": {"app_label": "student", "model": "student"}}, {"model": "contenttypes.contenttype", "pk": 13, "fields": {"app_label": "student", "model": "specialization"}}, {"model": "contenttypes.contenttype", "pk": 14, "fields": {"app_label": "student", "model": "jobapplication"}}, {"model": "contenttypes.contenttype", "pk": 15, "fields": {"app_label": "student", "model": "studentnote"}}, {"model": "contenttypes.contenttype", "pk": 16, "fields": {"app_label": "authtoken", "model": "token"}}, {"model": "contenttypes.contenttype", "pk": 17, "fields": {"app_label": "authtoken", "model": "tokenproxy"}}, {"model": "sessions.session", "pk": "0cuvk6vdcg4mgcg7ypb3sox4j75qperk", "fields": {"session_data": ".eJxNykEOwiAQQNGr2FkbI6VKYdXEtWcgI2IlAYYAjYnGuws7t__9D9iAzoOC4qKxxaZqw81mJud5WTsdDAXYQ8JSXpTv7bxgOz0b-TB0eFK0rR6FmNiZSy6mVh-b9zpi6HIleuMuYCxEuZmn1UVNNYHiUox_QRvaYgV1-v4AsmsxOQ:1pbgma:H1RhYKYTdKDKS8m1jq0vyryYSTQ7a5CthzWUQSjO_-k", "expire_date": "2023-03-27T11:56:04.452Z"}}, {"model": "sessions.session", "pk": "0gro0ggnsfvloy750ec01ja2g7nf8fw9", "fields": {"session_data": ".eJxNyjsKhDAUheGtyK0HSUZ8kMpSsHQB4eIrgSRXEsVimL2bWIin_M7_g9miNiBAYVB6Yozxdk2Uj2ThAxuGcJKfniKZIjdHYHXJ4-qi4VGXwxjp0Kanu9NsUOhxyXoir2NhaNVO0r6BaL5F9QI50uF2EOX_AiXzLr4:1pZ3AX:2LmAadb90beRh7WH32hWJZFG1-LAVhyOPkoAiLTzBnU", "expire_date": "2023-03-20T05:13:53.557Z"}}, {"model": "sessions.session", "pk": "0o3e45ylpxv0wb7iopprt7o3xki5hvwk", "fields": {"session_data": ".eJxVjMsOwiAQRf-FtSE8qgwu3fcbyMwAUjWQlHZl_HfbpAvd3nPOfYuA61LC2tMcpiiuQovT70bIz1R3EB9Y701yq8s8kdwVedAuxxbT63a4fwcFe9lq9hkVgDOXs4oWKGVOqHL0OoMm5xORYYdusDh4wgEZwekNWhMNMIjPFwLOOJk:1q0ONK:2TWQWaLSY1_YjSiokHSuOpo0-pck9q9_ogGcAmX6V1c", "expire_date": "2023-06-03T15:20:06.884Z"}}, {"model": "sessions.session", "pk": "0ud9al3676ivp71ydu15a18u47ndvtz4", "fields": {"session_data": ".eJxNzEEKwjAQheGr2FmLEBO1yUpw7aoHCEM6toVMpjQtQsW7m-zcfv_jfYAYpwgO8oi8Ey3GKHUfKp6CMBxhxpzfsvRl88AUKKqzbpoaRklUtG2tumqrb6bga4vRJ-QanlI-mfpDh_UoyjAlL-sMzhqr_sAH2dIK7vL9Ad1MLcw:1pyT6i:t_N7CULgBfbQT7h27EqCz26k3_RI8LhNHWOHmcEGde0", "expire_date": "2023-05-29T07:59:00.212Z"}}, {"model": "sessions.session", "pk": "1hjmqwj0cxgaz2b0bie634jkjtnb0ra5", "fields": {"session_data": ".eJxNjEsKwzAMRK-Sal0KrvtJvCr0IEY4ahKQrBAnFFp698q77Ib3ZuYLJDgxBCgjyodoeQwVnJIKHGHGUt669OafmBOxO_uDq2LUTEbbtnM33_n7xeBrY44ZhXZ3jaglob6xAusw5ajrDKEOdyAm3fIK4fr7A5SNL5M:1pyTBW:h9ZLsWQzDhwtN8NluKKbXTiVcH7YPx1FuVJlZknGMIM", "expire_date": "2023-05-29T08:03:58.562Z"}}, {"model": "sessions.session", "pk": "2chfqgtmfn4iuzwz0g05j6nk2h0mmd6z", "fields": {"session_data": ".eJxNyk0KwjAQQOGrlFmLTFPjT1ddCi49QBiathlIMiVpcSHe3WQhuP3ee8MUiD304CgrtojYDkul4ygBDrBSzi9Jthyt6k76fLlWdRKnQvizGxadd-9NpFDLnbJj2zwdJZqbh0jicnhZOBrZVuh1p_QfmFH2uBX-fAHbmy3B:1qg9hx:KUucH9xUuFIeWFTORCn8RBG0nQirEOR80AnKW4F_cIo", "expire_date": "2023-09-26T20:10:01.262Z"}}, {"model": "sessions.session", "pk": "2jf39cx7ls9x4vm7pzazqold5imy3m17", "fields": {"session_data": ".eJyrVkrNTczMUbJSKkoszshMAZO5RWUGBkYO6SAZveT8XCUdpYLE4uLy_KIUkEIQNyM_LxXItjQzMTU2sjQyMAQKppXm5MTnJeaCJILApgEFc_LTM_Pi80sKlKxMjcxMkQTik_NL80qAwrUAZt0rTA:1pXJgz:qlFVkpkS7e4ErpEdkouAzcFc9bCrNFPwry4Q6MXX1bM", "expire_date": "2023-03-15T10:28:13.913Z"}}, {"model": "sessions.session", "pk": "38ekunn09fn0p9nk0dzxlvf0uhy3smbt", "fields": {"session_data": ".eJxNykEKwjAQQNGr2FkXsWklmJVQz-A2DDG2gclMaFqESu9usnP7_v-CjxgIDOx5xrh7v9ynKmcnEVpImPNHllcZRmTnqVN909QwC_uiF62HYqofVNH3RmQZYy3PkAKfHpiLk0yBrawJjLp1-g-sk41XMNfjBzD0LGY:1pZ9SA:raLmTNnvTgvraFE21-gK_WQaLNVhn9XvH9hVaftIlPU", "expire_date": "2023-03-20T11:56:30.047Z"}}, {"model": "sessions.session", "pk": "3pxx2346d27kt9m91eqtebylvjz88awf", "fields": {"session_data": ".eJxNzEEKwjAQheGr2FmLNCaaNivBtWcIQzq2hUmmNC2C4t1Ndm6___E-QBFnBgd5wvgmWo1R6jZWPAWJcIQFc37JOpTNHVMgVmfdNDVMkqho1_XqqnttTcHnzuwTxhoeUj4jDYeM9YhlnJOXbQFnW9v-gQ-ypw3c5fsD4bYt4w:1pyT8j:wjkSoJC9BwPzAloxvsXgggkM7_5aR-J-KGrri7e74mY", "expire_date": "2023-05-29T08:01:05.484Z"}}, {"model": "sessions.session", "pk": "3xdnufqlaifx6wa05jgb4uowanss1wiq", "fields": {"session_data": ".eJxVjMsOwiAQRf-FtSE8qgwu3fcbyMwAUjWQlHZl_HfbpAvd3nPOfYuA61LC2tMcpiiuQovT70bIz1R3EB9Y701yq8s8kdwVedAuxxbT63a4fwcFe9lq9hkVgDOXs4oWKGVOqHL0OoMm5xORYYdusDh4wgEZwekNWhMNMIjPFwLOOJk:1pZ3ib:RO9dcFmT3kwiMzuz1wqtryZZrgB8myOX3N8j1CLwnVQ", "expire_date": "2023-03-20T05:49:05.094Z"}}, {"model": "sessions.session", "pk": "4juhwwnlhzrov710jixqwzucuxpga4fb", "fields": {"session_data": ".eJxVjMsOwiAQRf-FtSE8qgwu3fcbyMwAUjWQlHZl_HfbpAvd3nPOfYuA61LC2tMcpiiuQovT70bIz1R3EB9Y701yq8s8kdwVedAuxxbT63a4fwcFe9lq9hkVgDOXs4oWKGVOqHL0OoMm5xORYYdusDh4wgEZwekNWhMNMIjPFwLOOJk:1pzJ4v:6mkZ-YJWsjI4wLt7iH-OBTk3BPwp2cQOBl_mr_rFI0Y", "expire_date": "2023-05-31T15:28:37.570Z"}}, {"model": "sessions.session", "pk": "4z64u34kyidepmzjv4tjx08nok6gnja0", "fields": {"session_data": ".eJxNzEsKgDAMBNC7ZC2iFgt1pScpVeMH2qRYxYV4d9Ods5uXMA9gcLuHDlxApJJTxGPs14zlxAEKiC6lm49ZfmpJlo0JpVZGt1o1pqmyLpf3lmRGLkMeE_O87mT5jNC1Sqkf2IkvOoXfD71fKZ0:1pav7q:63HJbFwYiJaZ0BrWoLepZnjfZwUaDRHXLAapRD027_M", "expire_date": "2023-03-25T09:02:50.408Z"}}, {"model": "sessions.session", "pk": "5q0ygowyptlbs3nx1g4dj6tm82ga3d41", "fields": {"session_data": ".eJxNzEEOgyAQheGrkFk3jbVUhZV74xnIRFFJGMYIpIumdy920XT7vT_vBZbQedBALi54EG9zv550nZjgAjvG-ORjLsX4LfqbUt05bBxs0artanlvqraSRZfsvQlI9teLsVyKIXtMmTAl50XpPK8uGE476FrJ5g_MxDkk0I_3B6A4Mys:1qdZT7:d2mnyDuN4Ns1FwTOMoz-pedPO74lr9tPBDQ7d81KnYE", "expire_date": "2023-09-19T17:04:01.195Z"}}, {"model": "sessions.session", "pk": "7hsmib6bgfxfxtrzxmj21213p72o31e6", "fields": {"session_data": ".eJxNzEEKwjAQheGrlFlLaWwsNit7Aa8QhiY2gWSmNC0i4t3NuHL7vcf_Bp8xJjCA2XvCrQR0bQm3RbidOcMJVizlyZuTl8uR1LkXDUy-0nXoBt2NvRJ8HClZqq06TFJspl-yuXsXX1gfiZdIlvcVjBq1_gM780E7mMvnC3c8MPk:1pX0b4:ohBm9qhKzyRplZBF_3nLGPduSB-XEhnetRQwvYHRVsE", "expire_date": "2023-03-14T14:04:50.027Z"}}, {"model": "sessions.session", "pk": "8boruodvqnqer05z2znr164c22h4l9pe", "fields": {"session_data": ".eJyrVkrNTczMUbJSKkoszshMAZO5RWUGBkYO6SAZveT8XCUdpYLE4uLy_KIUoEJDAxAEiWXk56UCBSzNTEyNLI0MDIFiaaU5OfF5ibmpcBOBgjn56Zl58fklBUpWlsYWBkgC8cn5pXklSlamtQDc7yvs:1patIU:17GDbwDOPp_nhCo2J0GYKWZJlAYe-x8z89SP10wVyDc", "expire_date": "2023-03-25T07:05:42.725Z"}}, {"model": "sessions.session", "pk": "8po6iud87b6nvtpkd11ukr9w6e0f9y2j", "fields": {"session_data": ".eJyrVkrNTczMUbJSqirOSMytSk0tckgHiegl5-cq6SgVJBYXl-cXpQAVOCfmJafmGBoZg4Qz8vNSgWIWFpaGZsaWxuYmQMG00pyc-LzEXJBEMNQwoHBOfnpmXnx-SYGSlamRuQGSQHxyfmleCVC4FgC7siwH:1q8zbS:A0J-ROyiss1zkfA3Y_gQqcY705geQWpnPw9N7MSjl5U", "expire_date": "2023-06-27T08:42:14.945Z"}}, {"model": "sessions.session", "pk": "8zt653f96qdubwe1ec94un60xn0vmbrd", "fields": {"session_data": ".eJxNjEEKwjAQRa8isxaJjaEmqxYPEsaa1sAkU0yKinh3Jzt3n_c-7wMhYSRwgIQZKby00cPS2GHiBHtYsZQnP25yucT65vnKOZTODs3dZYtQ_bk7qd5apYXOG5HPmJoZpbobJSuceInZc13BHY3Rf8BPvOUKznx_MCoucQ:1pdYd2:2NXMclBB9BhfZcmFGHSOaJbJ8dqKwS6PuiurF_2iLHI", "expire_date": "2023-04-01T15:37:56.630Z"}}, {"model": "sessions.session", "pk": "949pxykttc2igo5goz5tb0tx1z3zz6n1", "fields": {"session_data": ".eJyrVkrNTczMUbJSqirOSMytSk0tckgHiegl5-cq6SgVJBYXl-cXpQAVOCfmJafmGBoZKyqCJDLy81KBopYWlhbmZiAIFEwrzcmJz0vMBUkEJ-YqAIVy8tMz8-LzSwqUrIyNjU2QBOKT80vzSpSsTGsBMK0qWQ:1pyWqX:oz3p16CWpU8GsEM6Z6GHTiv6wXmHBYimmT1l04m66P4", "expire_date": "2023-05-29T11:58:33.490Z"}}, {"model": "sessions.session", "pk": "9dpu8oeq2l3s8ph695fp5e3jabormipm", "fields": {"session_data": ".eJxNyUEOwiAQQNGr2FkbIwWlstJ4EDKh2JLATOO0MdF4d2Hn8r__gVgwZXAgWN4yDNep9SFwgT0sKPLi51j3HSnErHrddW3MTLHq0Vqjzvqiran62HL2hKWdG8mcRtxVzjwl8rwu4HSvzB_4wBut4E7fH2TeKsw:1pz8vl:AheqbowQyFUB_EyWo2jnDp-9diGjre1ZwcJPBikF0NE", "expire_date": "2023-05-31T04:38:29.176Z"}}, {"model": "sessions.session", "pk": "9h95qnwxe5c6rprlonym3mwiyo5rnphq", "fields": {"session_data": ".eJxNjc0OgjAQhF_F7BkMwZISTj6DMV6bFSo0tLv8FanGd7d48jTJN19m3qAdGgsV3LVezYRkAp7bnR1rdpDAgPP85KmJyqiXjtd08-Ogr-kr0Gay3eiYdKwzKUQui_KUF5E-vLWK0O3N5Td7uKGN0WNcaXyPIf4mYLk1pHgZoJKlFH9A1expgar4fAGKTjix:1pZbKc:TX8l2YcLp7iEwTlFCwGxbfDo79BKhfEdfYbWdzNGJzw", "expire_date": "2023-03-21T17:42:34.561Z"}}, {"model": "sessions.session", "pk": "a1wr4ugbyj0ck9y90ddnmj49nmfbj0eg", "fields": {"session_data": ".eJxNzEEKgzAQQNGr6KxLwarRZCV03TOEIU6NkGSCUQqV3r3JotDtf_BPII-rAwXJon8TbdNSwtWwhwtETOnF25z9jsGQa25tXRewHChXOcpeDqIduhyfh3M6oC_wYDtXv2cVY2bHyxo07xGUGBvxF7ThI-yg-s8XJeQupw:1pyW0Z:7lZOmwJPTtx4LqzDXICHJFL4tykWCRYH8jbtYFzY3mM", "expire_date": "2023-05-29T11:04:51.762Z"}}, {"model": "sessions.session", "pk": "apxnenzl6o5jcrcnb14h2g6s6mcvjnz2", "fields": {"session_data": ".eJxNykEOgyAQheGrNLNujKQlGlZd9haE6igkwBAG48L07oUujG_5vf8ADMZ5UGANWzd3xAnz57U27SYKcIdkmHfK8xk1sxSxQj9IUTc8RlF12bzX0YT2vP_prSAXzPXztLqoqSRQ41PIC-iJtlhAye8PHW0u0w:1pZ36G:Z2H9Ge3vc0kCFy2QwDoBETvey5ti0SGgwegPqVG9sBQ", "expire_date": "2023-03-20T05:09:28.974Z"}}, {"model": "sessions.session", "pk": "b4guy2zwuf18gyav4r2zijhfs3tx9nju", "fields": {"session_data": ".eJxNzEEKgzAQheG7zFokNho1q94kDBpNIJkRo3RReveOC8Hl-3j8X_AZYwILmL0n3EvAuS4hvtfL64kzVLBhKR_eZ7k1L912FwUmL3swyrRq1I0WXM6UHEnp7oklXiM5PjawvTLjA9zEJx1gu98fX_gq-Q:1pXMj0:LzC54oljWB3VuVw8_BeZeiH6wxl2u3w77DrIsy14wHE", "expire_date": "2023-03-15T13:42:30.130Z"}}, {"model": "sessions.session", "pk": "be3g111b9lzhzbgcs3hrmok8c9b8dt6d", "fields": {"session_data": ".eJyrVkrNTczMUbJSqirOSMytSk0tckgHiegl5-cq6SgVJBYXl-cXpQAVOCfmJafmGBoZKyqCJDLy81KBopaWFuZQCBRNK83Jic9LzAXJBCeCDMjJT8_Mi88vKVCyMjMwNUYSiE_OL80rUbIyrQUAM-cqdw:1pyWnf:aopQp1a1rgFe1A4t9LqByoNpjO719BXxz41lbMxuCNE", "expire_date": "2023-05-29T11:55:35.286Z"}}, {"model": "sessions.session", "pk": "bikbv7facfqv2aspu78c74buziiu11gv", "fields": {"session_data": ".eJxNyksKwyAUheGtlDsuJbUYH6NC5t2C3NpUBfWGRJFQuveaWeGMvv98YE4YImhIuFsf-iS77-iJLpYSnGHBbWu0vvrluQbny43x8XBPee44CCmV4GwU167vGqPJmI4y-UAJT4-G2bXaYyQXsqGygFaKD39gLNVcQPPvD2U1LyU:1qL53P:prBADBSJyzMTJkGvY8yWLdTdM71C4u8O6-2EqlHfJ2c", "expire_date": "2023-07-30T16:57:03.627Z"}}, {"model": "sessions.session", "pk": "c1vt1nformll8p1wmilljthpbo0u58pg", "fields": {"session_data": ".eJxNykEKgCAQheG7zDqikChcdROxmlJQRxyjRXT3dBO95ff-G9Br60CC0Wzs1hJHTMt8VG1X8tBA1MwXpe2LqhkKWKAbh75sFFNfdD-dU0H7-mTkjKmgo8MGRTmCFKKbfqBWOkMGOTwv2-MsXg:1pZD1s:Gb5n-QojTj8SIpOr6OZ7ruJr67ZjQYTktR_a8sGgafE", "expire_date": "2023-03-20T15:45:36.175Z"}}, {"model": "sessions.session", "pk": "cp8f8dbyl8fx6r4ur6fl9bphxs0zvv22", "fields": {"session_data": ".eJxNzEEKgzAQheGrlFmXYo1GdKVX8AJhsKkRJjMhiZRSevcmu26_9_M-YD0eBBNEy0fCQY_zXuW2iYcrBEzpJfFRgiVicvO9VV11J2wLNkOntBq6VjdFnyeRYfR1Wa3zmN3J9fayMOPm0AckepeSZD_YSA4wjX0__oHZ5OQMU__9AVHWMxI:1pev26:k5xQGJzr7YfuauLfYE4jja9D3nYjiyB88hlW-HYaU24", "expire_date": "2023-04-05T09:45:26.090Z"}}, {"model": "sessions.session", "pk": "ctsdsyg9ltuwwnbm7mig2rjkkzt572nc", "fields": {"session_data": ".eJxNzM0OgyAQBOB32bMxWhCVU9-EUF1_EtglgOmh6bt3vfU430zmAxj9GcCCj4jUckmYX8_9xnbhCA0kX8qb8yqb_qH0cNPBhJIn0xndzapXgtsVgiO5kaJiqZgFA-8nOa4JrB7N9Adu4Ysq2OH7A_ldKmE:1pjATh:Dx3UMcfH8UzPaCAuo6w2134wHCevbvfL3FdHD6EfXvU", "expire_date": "2023-04-17T03:03:29.136Z"}}, {"model": "sessions.session", "pk": "eu76nhc206028ja5qneomuqbqvz4edx3", "fields": {"session_data": ".eJyrVkrNTczMUbJSyi8uSC1KysxLyUx0SAeJ6SXn5yrpKBUkFheX5xelAJUYGhmbgEQy8vNSgVwLAwszM3NDS0tDoGBaaU5OfF5iLkjCMdjD01sh2MMxyNENKJWTn56ZF59fUqBkZWFsYIwkEJ-cX5pXomRlWgsAhYEqrw:1pQ813:9BBi9wcejFtrD4RuykhcxR42a3SttXyzBAArQPIE93g", "expire_date": "2023-02-23T14:35:13.314Z"}}, {"model": "sessions.session", "pk": "euhuhu0z61zxzcgj3ej6rdjnns78iy58", "fields": {"session_data": ".eJxNzEEKwyAQheGzZNalJGijcVXIEXoAGaytgdEJ0VBI6N2ru26___FO8BEXAgMZ45G1vgcuTa6OI1xgxZw_vD3rYMbkPA1Cdl0LgZOv2islh1FMQsmqr53IJoytPEJ99H6rTPxekuWygtH9OP2BdbynAub2_QHteywm:1pdVcx:I6_xgyG1THDZleY7LlckjCx4Wkvf-dzeWEaU3klJEno", "expire_date": "2023-04-01T12:25:39.684Z"}}, {"model": "sessions.session", "pk": "fq86pn5xrksn0lazwmi6ooont09mdqyv", "fields": {"session_data": ".eJxNzEEOgjAQheGr6KwNQYxtZQUn8AjNCLU2TDuEUgkx3t125_b_Xt4HjEdH0MKEO48GF3xgZ0urBvZwghlj3HgZ86TfXZhMrIjf5twdC744mCy1VEI2Qiqlcn0mIh3QF-nL4eFOacNobAqZia0LmtcZ2tulFn9BD5zCCu31-wMJnzIv:1pfJSf:EU51lOE_tfSM6D2dvD3KMG7tK6zf0T25CSLGFrEu-Pc", "expire_date": "2023-04-06T11:50:29.349Z"}}, {"model": "sessions.session", "pk": "gcn7laujibpm1frl1fwf0gsahayr9j8k", "fields": {"session_data": ".eJxNykEKwjAQQNGr2FmLWNOYmpXgFdyHIUZbmMwUJ0VQvLvJzu37_wMp40zgQTG_dRzPk5QmuygZtrCg6kuetzpckGOi_mC6roVJOFXdOzf0R3Mybqh6X4kCY27lmrRsqpE8Zg5SFvDGOvsHIcrKBbz9_gBWRCqi:1pWwiI:jKGjPd20Or_IY-DJ7B7Ku5QZXdxgp_n0bWrTZChW0zY", "expire_date": "2023-03-14T09:56:02.254Z"}}, {"model": "sessions.session", "pk": "ge5inf8isi7r1jy5mfm48bodkv72e8q5", "fields": {"session_data": ".eJxVjMsOwiAQRf-FtSE8qgwu3fcbyMwAUjWQlHZl_HfbpAvd3nPOfYuA61LC2tMcpiiuQovT70bIz1R3EB9Y701yq8s8kdwVedAuxxbT63a4fwcFe9lq9hkVgDOXs4oWKGVOqHL0OoMm5xORYYdusDh4wgEZwekNWhMNMIjPFwLOOJk:1pZ3Wc:mOIUe3EMhNeKuD2tb93zGmUUSNGg2TFQk9wFtOCFy_Y", "expire_date": "2023-03-20T05:36:42.611Z"}}, {"model": "sessions.session", "pk": "gr9lqlurgpw5bhjuxdwp7z3cal51mq3h", "fields": {"session_data": ".eJxNzM0OwiAQBOBXafZsDLRFKiePJh59ALLpHyTANtDGg_HdXTw5x28m84Y5og9gwGFxfhJCyNta6TxShBNsWMqL8sQL2Xa9uuihqqM0M2klObobJONyhGATxlrcf2_N02HGpXkQZc-LQKtPlvYNzLXX7R_YkY60g1GfL9LJLcQ:1qg9X3:lrAfyd38LgXrkQETS4JlIYT-4pBIuZbeG6nI-daarp4", "expire_date": "2023-09-26T19:58:45.982Z"}}, {"model": "sessions.session", "pk": "h2nvr5qy4bbmk275fdtpmluwej8hjbwi", "fields": {"session_data": ".eJxNykEOwiAQQNGrtLM2pkiVlpWJa89AEMdKAjMEaEw03l26c_vf_wBG6wNoKJ4cFkwV4w2zmKfpvGy0dxxhB8mW8uJ8b-fFtjOIg-z7DZ5M2Oqg1ChOcpZqbPWxhmDIxk26K_PbdtFSYc4NAy-eDNcEWgo5_AXjeKUK-vj9Ada8MUs:1pbgq8:WSLv7lTaG1cUbRHwkBXtS8_dlc_e4VLUAF_IOXP3OIk", "expire_date": "2023-03-27T11:59:44.002Z"}}, {"model": "sessions.session", "pk": "hoafc27dp8o2e6us5vmvvg0w3i42oxy5", "fields": {"session_data": ".eJxNzEEKgzAQheG7zLqIJprarHqTMJhohGRGjKGL0rt3XAgu38fj_0LIuCawgDkEwr1E9E2J7-XkZuIMD9iwlA_vXl6d0v1wUmQKskfTmr596U4LzjUlRxK6cmKJl5UcHxtYpZ7qBm7iSgfY4fcHKWQqhw:1pZ3YQ:YL8VU3relx4xcjsRQHLHxmbVhSqMU7dab88B0j8DCY0", "expire_date": "2023-03-20T05:38:34.526Z"}}, {"model": "sessions.session", "pk": "ijdlfszeh3rljyysaa015y828kgaj1pm", "fields": {"session_data": ".eJxNykEKgzAQQNGr1FlLqYlFyarQO3QbhjjVQDITjFKwePcmu27f_1-giD6AgSMvGA-i9TFXuTqJ0ELCnD-yTmV4IjsKndJNU8MiTEVvw9B3WmnV66LvPQTLGGt5-eT5MmEuHmT2bGVLYNSoxz-wTnbewNzPHzaiLIk:1pZ9VF:VidT6bL2PNrl5pW8WPBqRbshG0XLmgvqS1j6tbrwtCE", "expire_date": "2023-03-20T11:59:41.208Z"}}, {"model": "sessions.session", "pk": "ive106uv8ig25nai7dpqo0tt1m18lppv", "fields": {"session_data": ".eJxNyk0KwjAQQOGryKxFWkPskFXv4AHCUGN_yMwUk1BEvLupC3H7vfeCwDRHcJCWRLLQExH7cbfToAxHWCmlTR-3uly_Q9-eze6TSqjYdHjpGjRo26r3EqMX4vDbD4WZhPJUa9RxFq95BYfWmj_wgxbJ4Oz7A4LlL20:1qdtyP:pX9IsJf4IxQCeHSiCFXaNGQdB3Hp6DtSZPlIUlSdWSo", "expire_date": "2023-09-20T14:57:41.525Z"}}, {"model": "sessions.session", "pk": "j8ysw4em5z64w6cvlq1udk1elotnkimi", "fields": {"session_data": ".eJxNzU0KwjAQQOGrlFmLpKVpYlbt1kuEMca25mdC2-BCvLsJuHD78eC9wQZcPShAj9E90dCNST7OVc-GApwg4b6_aLuXaCrR2LGurbxQtMWYEGIYLj2XvOgje68jBvurG0dmySlv6Bz65loHJfM0r1HTkUD1vJV_oA3leIDiny9FJjKB:1pMy4H:BYsFaU_Y22uOEqBRpsIWfW8ZDCtGIYa2a1Et6kfORb4", "expire_date": "2023-02-14T21:21:29.189Z"}}, {"model": "sessions.session", "pk": "jxqve6w9eqoyeftib3w48raz8ifu4fs1", "fields": {"session_data": ".eJxNzDsOgCAQBNC7bG1M_ICfSk9CNv4gAmtAY2G8u0tnOW8m88Di0FjoAaM2e9QYcM13omCGLTX5RA4yODDGm8LMw6Ks6iSa_MKxFbKryqJu2NbLWuXRJR_TH5ulzXhF5wG9kFL8QE10-ZP5_QCPgitv:1pQ85Y:IbIBBpmgpNjBo_DEuzf9gWcYKIwuSFn-lhoTpdid0YU", "expire_date": "2023-02-23T14:39:52.831Z"}}, {"model": "sessions.session", "pk": "k8hx71zgfeyosg41jhvzqxj21kgvkvue", "fields": {"session_data": ".eJxNjEEKwjAQRe8yaxFCq7ZZeQFXHiCMnWgLmUzJJEiR3r3Jzu17__0feMYlgAWdkdX7dNdc6JUE6TwJwwlWVP1Korp5bOQxMRJtfW9Mk7NEX80wjObajd2twXcJwUXkJp7YPoJ8lugkr2BNLf-Am6TEDPayH6pxLX4:1qDgFA:ayoe_AlmQnBkMnd0nrQ0uhv2BQDEGR2gSEDqvhHCZXA", "expire_date": "2023-07-10T07:02:36.946Z"}}, {"model": "sessions.session", "pk": "l2ahey0qtddyfxvvu8vjfycdg8ydpt79", "fields": {"session_data": ".eJxNjEEKwyAQAL-S7LkUjLaJngI99w0iZpsEdFdiQqGlf68eCr3ODPMGjG4NYCAvLr4QN6WEGOcKz54jnCC5nJ-8TaW5OfIYRCfbtoqFCQsdBi2uUsteFfg4QrDkYhV3Ls-IU_N7NymVJPC8kuU9gRFdr_-A9XzQDuby-QJwpTEG:1pyW7F:MjQ9NgblW824V84fgZXgTat_WO7iU7WHkkvDpMquUvg", "expire_date": "2023-05-29T11:11:45.253Z"}}, {"model": "sessions.session", "pk": "m5s8jbrigu22485yk3i6lffyjgcs5tc5", "fields": {"session_data": ".eJxNzMEKQiEQheF3mXXEFecmueodWrWSwW4mjI7olYjo3dNd2-8_nA9siSKDhVLjmxolRKUuYeLRS4IDFGrtJfU-NjfpnnLoldUMT8nb0MUYVCd91gaHPjqzy5RmudI8YAkxO9kLWFz0-gfOS8872PX7A81tK-U:1pZfwU:PUYRPsq8M5YGw_TJy-aKLKIHgWWdXtW8KCTg-luZKk8", "expire_date": "2023-03-21T22:37:58.398Z"}}, {"model": "sessions.session", "pk": "mbawho11nc0wafgbhz3nlmwusoc5uz49", "fields": {"session_data": ".eJxNykEKwjAQQNGryKxFLG1Tk1XP0B4gDDXW4GQmJC0i4t1NFoLb9_8bXEBPYCBheCEjefbZPTCNaw2nRQIcIWLOT0nX8k31Gxuth-p3YVdQtZe2U32nzgVvO5FlDO53H-aiJKtnK1sEMzRa_YFdZOcNTP_5AiCGLjs:1pwEiZ:ZLWD5lcYJj0Si2_imvrpln91SjB7-_EdT4Q9NxYqTPI", "expire_date": "2023-05-23T04:12:51.959Z"}}, {"model": "sessions.session", "pk": "mo1c3mu50ytawrkfsjgu9gh2n5aczuwt", "fields": {"session_data": ".eJxVjMsOwiAQRf-FtSE8qgwu3fcbyMwAUjWQlHZl_HfbpAvd3nPOfYuA61LC2tMcpiiuQovT70bIz1R3EB9Y701yq8s8kdwVedAuxxbT63a4fwcFe9lq9hkVgDOXs4oWKGVOqHL0OoMm5xORYYdusDh4wgEZwekNWhMNMIjPFwLOOJk:1q0OPz:VzVAW0ii_L0tazraDFjE9onYzQTYvw-mF4_nN_9iHMQ", "expire_date": "2023-06-03T15:22:51.862Z"}}, {"model": "sessions.session", "pk": "nbj2wowgy1i6459lq1obutwjuqw36stl", "fields": {"session_data": ".eJxVjMsOwiAQRf-FtSE8qgwu3fcbyMwAUjWQlHZl_HfbpAvd3nPOfYuA61LC2tMcpiiuQovT70bIz1R3EB9Y701yq8s8kdwVedAuxxbT63a4fwcFe9lq9hkVgDOXs4oWKGVOqHL0OoMm5xORYYdusDh4wgEZwekNWhMNMIjPFwLOOJk:1pmTBD:XZQhPrbCZyY0XzHkEl2VsOrHENqZ-nylWUQPXiSD6Yw", "expire_date": "2023-04-26T05:38:03.942Z"}}, {"model": "sessions.session", "pk": "nl0sv7m0omr09odrxgmbe3kig0ci2omg", "fields": {"session_data": ".eJxNzM0KwjAQBOBXsXsWMTUSzang2WcIIV3bwv6UpkVQfHcTTzK3b4Z5A3KcCDzkMfILcbHWmG6oeEjKsIc55vzUpS-bW5SEZNpT09RiVMGiR-cu118KPjaiIJFrcdfyydjvipMOkwRdZ_DWuPYPQtJNVvDnzxdTUSyx:1pyXOt:kbm2jNWY3DSBPVEL2f93HispgPlOvHfxJ2rgpxwz8vE", "expire_date": "2023-05-29T12:34:03.175Z"}}, {"model": "sessions.session", "pk": "o6d2hgzek5lx68b9hhbhm9d8dpv05pwn", "fields": {"session_data": ".eJxNzMsKgCAQQNF_mXVEDy1x1Z_IYFaSzkQPWkT_ni2CtufCvcBF9AE0-HVAmq3qxhdyyxEyWHDbTl771LGPnsqqfnViconaohZCStWIhMMRgiGM7nslCzx6MrwvoEtVFT8wlg_aQcv7Aa0-Kck:1pMNIt:9PxntO-kM-LKlrDQoY3vYg0dW76_R-GLE6hSUIQdryI", "expire_date": "2023-02-13T06:06:07.091Z"}}, {"model": "sessions.session", "pk": "o7mji3sxeymyzovzneqdpo3jiau1596s", "fields": {"session_data": ".eJxNzEEKhDAMBdC7ZC0i1Yp05Qm8QglOpyppIlVxMczdJ2U28nfvf_4HQsKVwAFjxIxbnZAjkuQwxtLUsySoYMfjuCW_dNg2JcUW4aDQWNMO1vSmU3xfRJ4xlWL6X6qSxJW9nDu4TrcP8LNcfIKz3x9BGCyZ:1puB3I:KqcI3SA0mh5VYwtd5DAKlMDmaUWc8RIduKpSXMwZZBc", "expire_date": "2023-05-17T11:53:44.536Z"}}, {"model": "sessions.session", "pk": "or13mptizdne5djmypnai8cdudxdhqf0", "fields": {"session_data": ".eJyrVkrNTczMUbJSKkoszshMyS8uSC1KckgHCeol5-cq6SgVJBYXl-cXpUDVlKYYGhmDhDPy81KBYpZmJqbGRpZGBoZAwbTSnJz4vMRckEQQ2ECgYE5-emZefH5JgZKVhaGpCZJAfHJ-aV6JkpVpLQALBiyE:1pN7Cr:n7kpeU36CQ5o3qSbodJaqdZx8OPFTJV-1JVKs-jAlv8", "expire_date": "2023-02-15T07:06:57.584Z"}}, {"model": "sessions.session", "pk": "pf5ed9i1ek0sc2awgpo961bb9dpl77u4", "fields": {"session_data": ".eJxNzMEKwjAMxvFXcTmLUJ1u7Wng2WcooYvboGnGuiFMfHdTT5Lb7_-RNxDjFMFBHpF3oqWujemGgqcgDEeYMeeXLL1u7pgCRXO-VFUJoyRSta1tftda1ecWo0_IpTxEnzL1hz1riTJMycs6g2tu1vyBD7KlFdz18wXiBC3p:1pyVO1:vfAdBkPsSJU0HWTi-vopC_4KVebXATgOv4hyatdLE4Y", "expire_date": "2023-05-29T10:25:01.481Z"}}, {"model": "sessions.session", "pk": "piqv10flady520njg05cqq4qrcnyo7i9", "fields": {"session_data": ".eJxNzLEOwiAUheFXMXc2BpKCwtS5e2dCKhaQckmhMcT47oKT6_-dnDeYTbsAEorVu64ueMwmWY-VCiHGtetlwQ3OkHTOL9zvbdyICUIIH0aPz7mjxWiakCu7cU45YUOrjyMEFfXWZcJ6mn7nDQKuLiosCWSb0r-gFjxiAck-X3CsMfM:1pQCU3:BV3Jznr35FzABRsdHYDwapXD0EZ0xJoViT3xFWLmU8Y", "expire_date": "2023-02-23T19:21:27.766Z"}}, {"model": "sessions.session", "pk": "prq7l07oynlky5ih7x7i9gb9ku3v4w3k", "fields": {"session_data": ".eJxNykEOgyAQheG7zLoxRS0KKz0JoUp1IswQ0XTR9O7CzuX73v8DFyx60MApuv2NNKMdlmLVxAEeEG1KX97nnIi6aYusTC7P_tlL2QmlRMbP6b0hG8oxphW3bJ4XJMNHBC1V093ATHzSAfr1vwCKVCll:1pQ80c:uWwYjPxjowro7cnmrmoc-1gwwgXVjgrP-GRGRuNhI5U", "expire_date": "2023-02-23T14:34:46.129Z"}}, {"model": "sessions.session", "pk": "q7xy0ey29bsgsvp34farsnfoi6thkft4", "fields": {"session_data": ".eJxNykEOgyAQQNG7zLoxEWSSsurSW5CJFSECY0DioundC666ff9_YI3kA2ig4vxeHGWyw86c_WvrZVg4wgMOKuXi_G7jKOSksJvjtDZAKRWiwhttDcEkij3MrkHgzSfD5wFa4BP_wCxc0wlafX9vSirR:1pQ9Bl:evUPAZaiOYKZDxxg9Iec1qCx_JHl-i6QZinN8mgqsxA", "expire_date": "2023-02-23T15:50:21.785Z"}}, {"model": "sessions.session", "pk": "r67pgmmtaiuwvjo3ijrztgcw99uy122c", "fields": {"session_data": ".eJyrVkrNTczMUbJSqirOSMytSk0tckgHiegl5-cq6SgVJBYXl-cXpQAVOCfmJafmGBoZKyqCJDLy81KBogaWFhAIFEsrzcmJz0vMBYkHJ4K05-SnZ-bF55cUKFmZmZhbIgnEJ-eX5pUoWZnWAgDsRSoR:1pyXMa:7tSOVbjDsAydL8_0IHls3mbDWCqV81ZJX10infhIVFQ", "expire_date": "2023-05-29T12:31:40.919Z"}}, {"model": "sessions.session", "pk": "r8k15q37gca6r043u4k7vd062nk049ch", "fields": {"session_data": ".eJxNyksKgCAUQNG9vHFEP4sctYY2IFZmgvpEiwbR3tNB0fTce4EwXGmg4HnY1ILBCT8NMmE-o4EMHA_hRL98T7INrYjQtw2pq74qyojroTWz3KQwvqdGqSzD3QHt2oL8gM142B0ouR-eGivi:1pN7BX:-LNk-YZr-JVj4y65-1V-DeI_LCGqut61Y7rjTXLTARw", "expire_date": "2023-02-15T07:05:35.009Z"}}, {"model": "sessions.session", "pk": "rcw4fyxbq2vv7058knb880kzwt9m18j8", "fields": {"session_data": ".eJxNzEEKwjAQheGr2FmLEJNom1Wha88QhjQ2hWSmNC0FxbubLAS33_94b_AJ5wgGcsD08n5VSoh-qnhxnOAMC-Z88DqWzYDkfBRX2TQ1BCZftG07cZOdvKuCzz1GS5hqeHAYT7_f0iJPM1neFjBSK_0H1vFOGxj9-QIVqi5k:1pyV2e:9VZjMEoJnJR25khwD3P6zN0XzEb4YFq8Tfjq5mjsfqI", "expire_date": "2023-05-29T10:02:56.930Z"}}, {"model": "sessions.session", "pk": "s84500ct11wsx3xc989pienhwd6lvulm", "fields": {"session_data": ".eJxNzEEKwyAQheGrhFmX0KkxQVe9QM4gkppo0JkQE7oovXu1UOj2-x_vBS7ZEEFDcnug7O0aVvZ0Xyq3Eye4wGZzfvL--K1QqaGyZ3LFrkMnpFDYoyg6nzEasqmWsa6b72lTUuQlkOFjA403iX9gJj7pAC3fH6R1L0Y:1pdYUk:0ntyiaTEPU8v8aMKfpqyJ05hXLVHSzFiib8bKlYo8Ew", "expire_date": "2023-04-01T15:29:22.236Z"}}, {"model": "sessions.session", "pk": "si9gs5w9okq9nm4vps0v3y57v9sacq25", "fields": {"session_data": ".eJxNykEOwiAQQNGrmFkbIy0KZeUFegYylrGSANNAG1ONdxd2bv_7H6CIPoCB4tNEhZaV4p2yGLS-zY1OE0c4woKlvDi7eo67I8wRndulFKLhkxNVOSslxbUfeiVrfWwh2ISxycj8xsOIqTDnaoFnnyyvC5hOi-4v2Im3tIK5fH_ICDMu:1pbgjx:6K_-K6oQUL4bn6h5gqtKLgvWhDymgX_B_koKuWQ5s9U", "expire_date": "2023-03-27T11:53:21.115Z"}}, {"model": "sessions.session", "pk": "stebb8puxppu5irrw3baznsq1j127ru9", "fields": {"session_data": ".eJxNjU0KwjAQha8isxYxNBrTlRfoygOEsRNtIcmU_CBVvLvTnasH3_d47wM-4hyghzJhLN7na6mN7pmRDiNH2MOCpbw4k3SGlTzmiESr1kptcuLkxRyN0erc2c5ooY8WgksYNzOwDEdPu5vkWw7EB37OyXFdoDcXa_-AG7mlCv3p-wOTkTMn:1pOzLd:WzddazhGt0wIGyJFBBr3FtYKGRiUMMKtGIXPrEwd-o4", "expire_date": "2023-02-20T11:07:45.975Z"}}, {"model": "sessions.session", "pk": "sx2bkyxpiaowwmfpx0eh5nf5ebft3z0h", "fields": {"session_data": ".eJxNyrEOwiAUQNFfMW82BtRSYJLF1LjZD2healuIwGtKGwfjvwub67n3A0NA50EDJuteyeKC42UqdugpwB5mTOlNyzMv_Hg6V6KWqrClOGRjkkkhaq4Uzzpu3ncRQymmbW73XduYh7nm5GlysaN1Bi25Yn_Q9bTFFXT1_QFWxivr:1pQ853:TE9xQy67d5dN49uCL8hoe-wYmcYLqR9zldrbs8tr2cM", "expire_date": "2023-02-23T14:39:21.364Z"}}, {"model": "sessions.session", "pk": "t5700973qmmon5tocrqcw0y0yyga98zw", "fields": {"session_data": ".eJxNzLEOwiAUheFXMXc2htqCwtS5uzMhFUsRuKTQGGJ8d8HJ9f9Ozhu0V6sDAdmoTZXVWUw6Goul45yPS9PTjB6OEFVKL9zudVyJckIIG0aLz1tDg0FXIRd6ZaxjhA61PnbnZFC-yYTlMP3OKzhc1iAxRxBdz85_Qc64hwyCfr5wpDHz:1pPvKK:wSkuZKolRIWpZVpGMCWIwqIyiGMWKPhDuopbFIQXkTA", "expire_date": "2023-02-23T01:02:16.295Z"}}, {"model": "sessions.session", "pk": "tfmwjdaw0vxh2mywn9xzirz1x8l3qs8x", "fields": {"session_data": ".eJxNzEEOgyAQheG7zLoxFIUSV_UkZGJRiMAY0LgwvXuHXbff__JucAlDhBGw-rBVjwWXbiMq4b220s2U4AE71npR-fDwKftB6WaesmMwwmj9kmpQjMsZo82YWpjaJVukNWRLxw6jMkL-gZ3pzAfz9wf7EywJ:1pQ9DV:VH9Of7JL1ZwAMs-Re0pu9y_7Sl4AXTEP9M620CTRfqM", "expire_date": "2023-02-23T15:52:09.941Z"}}, {"model": "sessions.session", "pk": "tlgilzj46mb7s9v09ioia03s38krr3ch", "fields": {"session_data": ".eJxNzMsKwjAQheFXKbOWEozRNCvxRcIQowmdzJReKCJ9d5Od2-8_nC_EgpnAAWXKUtBe7x9MIn2QAieYcFl2mZ91wOMuIaFumoRjJXVT2l60ssZUfW1EnrG08ohjjF1I7bKrjeSd2cs6gRsGff4DH2TjFZw5fn0xLVM:1pmGLk:dyVJXCvM1d55RBUtpSlppBxbXIe1wN_WYqG1pqPEe9g", "expire_date": "2023-04-25T15:56:04.751Z"}}, {"model": "sessions.session", "pk": "tqazddtkpa1k52ltexwakybfx06fw13s", "fields": {"session_data": ".eJxNzEEKwjAQheGrlFmLYOxImpV4kTDU2g4mmZBOKSLe3QQ3br__8d4wReIADpR3Kpw5PV_GXq5z4-MoEQ6QaV13Kfe6osh6MueGi6SpyoC9RTSIDR9bCD5RbOG2UFHufr9djUFmTl40g7M4mD_wo2xJweHnC0h9Ltw:1pjYjh:m4NiEin6yUaKz5lFgETZ2TrZqBxSVbPQN-ePDmeJe8s", "expire_date": "2023-04-18T04:57:37.978Z"}}, {"model": "sessions.session", "pk": "utc0gqtahvjx0xrs3rp04sd4n3u7eo4l", "fields": {"session_data": ".eJxNzMEKwjAMxvFX2XIWoVpBd1I8-wwldHEbNMlYN4SNvbspeJDcfv-PbECMQ4IG1twjr0TTvStyjMpwgBFz_ujU2uCJEim507muS-hVyNT76-13pu8lpSDIpTwYpXqpfWVqK4tJu0GCziM0F-fdH4Soi8zG-xcfVi42:1puUvR:Zqx7lK0GOFXXYi_IunacCS0mRY8OSDTTT_y24nkv8YQ", "expire_date": "2023-05-18T09:06:57.757Z"}}, {"model": "sessions.session", "pk": "v2w5ei1kq0b2a3fly5aegwlq00ex4c0h", "fields": {"session_data": ".eJxNzEEKgzAQheGr1FmXQppYNatCj9ADhBCnKmQyYpSC0rt3Al10N3z_Yw5A8lMEC3n0tCMuxih1HwpeAhOcYfY5v3npZfPwKWBUV11VJYycULRtO3XTnW6M4GuL0SVPJTx_L0_EchH20iMPU3K8zmCb2pg_cIG3tIKtP1_gGTAH:1pyTbq:gFgIsmmPA0_7wKT5Vy-FAbX74G5IOjpcYBty078z0P4", "expire_date": "2023-05-29T08:31:10.880Z"}}, {"model": "sessions.session", "pk": "vf9jcm9scz5qh1o5aaoxk6xwa9t6bphd", "fields": {"session_data": ".eJxNy0EOwiAQheGrmFkbY2lrhJUXcOMFyFiwkDAMgRIXxrsLLozb73_vBZbQB1CQsThvuCSb75e142Fhgj0kLOXJ2fw2gxg7O462mTxN8yikOA4NHzUEHZF6uFaHRNbsbt9Xq4FXHzVvCdQkz_IP9MI1bqDm9wezZi_S:1qdq3V:9IvQHE1Encp29aszqN5ttiU2Obnndj_mLMZqwOb31RQ", "expire_date": "2023-09-20T10:46:41.435Z"}}, {"model": "sessions.session", "pk": "vmxpcimssjuq54jmqs26mxtlvu722g7l", "fields": {"session_data": ".eJxNjMsOgjAQRX-FjFtj2go-WEGMKxcYdE-m5dWk7RAKMcb477Y7t-ecez_QWdQGckAp0S8jOa1GPWMxRL5TZGELE3r_ormNmce2uFT1varL5_WxEYyzWIRhFzQ7pqk4Z0zwU6D9akzj0EZTxv-ktBLfmNyo7YI3NGjX0DJBvuf88AcaRatbIM--P7KMM_o:1qewgk:mG6xp1Y9bwOvL7zjBLUVsRkCZA3yCt5NRpa7DmRRPJs", "expire_date": "2023-09-23T12:03:46.876Z"}}, {"model": "sessions.session", "pk": "vpl6gpkwyjb204rbzr7nnxake7kci45e", "fields": {"session_data": ".eJxVjMsOwiAQRf-FtSEgb5fu_QYyw4BUDSSlXRn_3TbpQrf3nHPfLMK61LiOPMeJ2IVJdvrdENIztx3QA9q989TbMk_Id4UfdPBbp_y6Hu7fQYVRtxp1CUErq9MZjCalJTqUIJIgj0UZKwiNyUEVJ71SpgS3eTo5IQCk9ezzBdP4Nzo:1qg9On:aysHh2GinkL_n_HGQyB_h2MVcMBnpDhsUsaAhSVeUlQ", "expire_date": "2023-09-26T19:50:13.465Z"}}, {"model": "sessions.session", "pk": "vr0nj8gtfa9s0yl3pbnkzbdokc16zrii", "fields": {"session_data": ".eJxNyr0OhCAQBOB32dpccMU_qnsIe0IUlQRYA6jF5d79wOqaSeab-YB2ylgQEFTczfKkCxdj-N7K8prJQQWHivGmsORjjQ0vspPXuY4dbxsckdUZ19Na6ZUrw6RjymRpM15SOkAMPcc_kDOdPoFovz9gmCrs:1plnA6:iPxyn1F8da-tISgg2YsTZBx3nKMCy3HUa4qNe51U6bQ", "expire_date": "2023-04-24T08:46:06.749Z"}}, {"model": "sessions.session", "pk": "w5su8a8yl20wwqhxd9uiu7zu4byvgmwk", "fields": {"session_data": ".eJxNjLEOgjAURX-FPFdjCgFBJohxcsCge_PaIjRp-wiFGGP8d9vN9Zxz7wcGi9pADSgE-nUip-WkF2zGyA-SLOxhRu9ftKiYeVTNuetvXd8-LvddxlIWizAcgmZlnmengmVpFehzM4Y7tNG08T9prcA3JldSQ_CGRu04rTPUVVEe_wCXtLkV6uL7A7PzNAk:1qewfh:I6yQZS8WyJaYWQcNPDc9I3tiuqhWu-sW2-t0lSsricc", "expire_date": "2023-09-23T12:02:41.105Z"}}, {"model": "sessions.session", "pk": "wavcgaywa7tuj4p9vavo161sbecdcjuv", "fields": {"session_data": ".eJxNzEEKgCAUBNC7_HVEVga66gxdQKysBPWLGi2iu6etYnZvhrlBWakNcAgyHnrF6FWYx71gvaCFCryM8cKw5g1pSood6FQGNvS0a1nbkIzbaYxw0pZi-t4yGty1E5g8cMLo8AOx4OkScPq8LK4qjQ:1pas9A:GfrsKioRGwmafSBZeNlWy9rP2uxUE-86WnlFPY0_B4o", "expire_date": "2023-03-25T05:52:00.611Z"}}, {"model": "sessions.session", "pk": "wb62rg9heycym0g0vi0mg37vl6gekds3", "fields": {"session_data": ".eJyrVkrNTczMUbJSqirOSMytSk0tckgHiegl5-cq6SgVJBYXl-cXpQAVOCfmJafmGBoZKyqCJDLy81KBohamMAgUTCvNyYnPS8wFSQRDjQMK5-SnZ-bF55cUKFkZG5mbIwnEJ-eX5pUoWZnWAgD3iyxV:1q8xbB:kXgaOSibbEXD5aqxW5J0EdjnvWOv866iQOM_UvgK6nI", "expire_date": "2023-06-27T06:33:49.678Z"}}, {"model": "sessions.session", "pk": "wul1laj4pdrrtha4lnzns61nvfzldcxl", "fields": {"session_data": ".eJxNy00OwiAQhuGzdNbGBGkrZWXiETwAGQFtE5hp-IkL07sLO7fP-31f8BG3ABryijF7n265VPdMjO5sOcIJdsz5w8m1zR3J-iAuchh6WJl8U6UWMctFXseGrxqCIYw9PLD_A783Mlx20LMS4x8Yy5UK6On4Aa2UK20:1qDgMQ:eYJ3lwuSPPmYdMkhvD2TLIVtCX-NjM8fAO_S1oVd7Ag", "expire_date": "2023-07-10T07:10:06.109Z"}}, {"model": "sessions.session", "pk": "wxlae4vr2ed616qbv9b64mlgm0irq7qg", "fields": {"session_data": ".eJxVjMsOwiAQRf-FtSE8qgwu3fcbyMwAUjWQlHZl_HfbpAvd3nPOfYuA61LC2tMcpiiuQovT70bIz1R3EB9Y701yq8s8kdwVedAuxxbT63a4fwcFe9lq9hkVgDOXs4oWKGVOqHL0OoMm5xORYYdusDh4wgEZwekNWhMNMIjPFwLOOJk:1pSGVk:IIEMGByErHGDtqmjbr9WK8OAkw5QmgzB6Ew5TAUE3ig", "expire_date": "2023-03-01T12:03:44.483Z"}}, {"model": "sessions.session", "pk": "xft5hepzyplt60b2m40hzejginecfimu", "fields": {"session_data": ".eJxNjE0KgCAUhO_y1hFqGeWqm4iUpaC-0H4W0d2zFtFmmPlmmBO0V9aBgKiSseOrPu6EsH5-mnJADwUsKqUD45iH-okGg86-a2pesY4RmuG0OSeD8vp7y9DhbIPEdQHR8or-gBxwCysIft1oSSte:1pXJif:MlnJ3Eo2bCWVMGCcS7DmPAg_MYCQoxazF1EpgDvQoUo", "expire_date": "2023-03-15T10:29:57.532Z"}}, {"model": "sessions.session", "pk": "xzsowp4m7aclzit4igt4fz7xypdfajrj", "fields": {"session_data": ".eJxNzE0KgCAUBOC7vHVE9ge56iZiaimoTzRpEd093USzm49hblCOGwsUIk_aSIxBxW09KrYCHTQQeEoXRlk2pKSKRq9KXeZxGvql7yru2VrmuVPfV0GLh_EMzwCUzKT7AROY_Ql0el7wACpA:1pavFK:vXUsaGfrBY3EGbpS01RUGjjbueXnTchKYlXNNO18g_g", "expire_date": "2023-03-25T09:10:34.894Z"}}, {"model": "sessions.session", "pk": "y1avi13svvjlv1ynbhydjblhbvonzwk0", "fields": {"session_data": ".eJxNzE0KgzAQQOG7zLqIf53WrLxJGExqAsmMGMWFeHeThdDtx-OdYCP5AAooWsu0JkemSm6cC1eTRHjBQikdsppSmei5abuiTthm-mKNfT10TcHfHoLm_HqO2YLMnrVsCyhE_PyBnmTnDdT7ugHpBywz:1peVAz:fk7daItiSuDg4dB2AAftKd5EEVVDFr_jaWHHUFxt_h8", "expire_date": "2023-04-04T06:08:53.498Z"}}, {"model": "sessions.session", "pk": "yio8ox07ii0t6wwcgj8ozkb5ot9sowhj", "fields": {"session_data": ".eJyrVkrNTczMUbJSSs8syizOKE7MLHFIBwnpJefnKukoFSQWF5fnF6UAVfhW5mSmpToYGRgZgyQy8vNSgaLmxqbGxpZGpgYWQMG00pyc-LzEXJCEu2eQZ7CHQjBQOCc_PTMvPr-kQMnK0MzQBEkgPjm_NK9Eycq0FgATayvh:1pjIRf:sjAzLqQlLhBf40Uttg74gBdoDANBnM2Uwm6D9t0OgaI", "expire_date": "2023-04-17T11:33:55.715Z"}}, {"model": "sessions.session", "pk": "yjjfz5l8jnwiknbag0op8k7ejerfm7s8", "fields": {"session_data": ".eJxNzDEOwjAMQNGrIM8ItQlQqVNvEjnFNQUnrkgiBsTdcTfW_6T_AUq4CoywEGOkSVsV1edp1gRH2LCUt75u5g8qjSMqq_PTTnfNZL0bOt-7_uyGq9WliYSMaReOlBkPdjUQ5TUHrRuMF-_dXwiztlwtf3_ZYy39:1psQmR:379eCgd0aQW6J9IQeo8JX-DfINdE39GHKVR-Bama_C4", "expire_date": "2023-05-12T16:17:07.738Z"}}, {"model": "sessions.session", "pk": "yoi0euq4qyyohmqw41j82itzjsu47imt", "fields": {"session_data": ".eJxNzMEKhCAUQNF_eeuIzDJ11Z_Io7GU1BdZtBjm38cWQdvD5X7BRvQBNGB2fs0Od5zH5bZ6oggVbJjzRfunJKzlXS8GqW52lGyxRjZSiIEpxYrOZwgmYbTPsFigxSdDxwa65Yy_wEx0pgN0__sDVroqrQ:1pQ81c:Jd2rrSrjExDntjo1YCs2cZ4X_iCR2otBfphSZGaLvFg", "expire_date": "2023-02-23T14:35:48.960Z"}}, {"model": "sessions.session", "pk": "yvp78c5e97pmg0e8yo3xwrnirrc88fgl", "fields": {"session_data": ".eJxNjcsKwjAUBX-l3LWI2CYhWfUH3BT34dLEJpBHyQMR8d9N1IXbmTmcJ2iP1oGAhNlYVQwmfFhH-Lx1cVyjhwPsmPM9JtW65dPNnFDWhYlBN3piE-FnOjFKG71V52RA382lGvReq-E7HK6_h5a5uNkgY9lBsHEc_4BcYw0FBHm9AcPENQc:1qdXeI:oNm1U8k50FvO4iBpoBDgUbZBFMjdtGsPUSZFGL1iJg4", "expire_date": "2023-09-19T15:07:26.389Z"}}, {"model": "sessions.session", "pk": "z4wr1v3xgr62vtpno6hj8dedt2ild5gs", "fields": {"session_data": ".eJxNykEOgyAQQNGzOOvG1IISWdX0IGSCVEhgxoimiU3vLuy6ff9_wSUMETSc2WM6ndueS5XWcoIbrJjzh7e5DC8k62L3EE1Tg2dyRe9KyW4Qo1Cy6PuI0RCmWibKPsxYNPISyPC-gh6HXv6BsXzQDrr_XeMNK_U:1pz98I:PoT0r_QJFT2X2m41wooEbBUCClAarMaXlAYWNMTQ5rw", "expire_date": "2023-05-31T04:51:26.077Z"}}, {"model": "chat.chat", "pk": 1, "fields": {"name": "irfan", "email": "irfankc8@gmail.com", "unread": 0, "is_group": false}}, {"model": "chat.chat", "pk": 2, "fields": {"name": "Alan kochupurakkal Jacob", "email": "alankjacob085@gmail.com", "unread": 0, "is_group": false}}, {"model": "chat.chat", "pk": 3, "fields": {"name": "Mohammed Shamzeer", "email": "shamseer@studbroad.com", "unread": 0, "is_group": false}}, {"model": "chat.chat", "pk": 4, "fields": {"name": "Ashik", "email": "ashiksharaf.koori@gmail.com", "unread": 0, "is_group": false}}, {"model": "chat.chat", "pk": 5, "fields": {"name": "Joy Joseph", "email": "tharayiljosephjoy1999@gmail.com", "unread": 0, "is_group": false}}, {"model": "chat.chat", "pk": 6, "fields": {"name": "Test", "email": "samzs88@hotmail.com", "unread": 0, "is_group": false}}, {"model": "chat.chat", "pk": 7, "fields": {"name": "Ameen Arshad Nediya", "email": "ameenarshad.sh@gmail.com", "unread": 0, "is_group": false}}, {"model": "chat.chat", "pk": 8, "fields": {"name": "rashid", "email": "rashidrashimrv002@gmail.com", "unread": 0, "is_group": false}}, {"model": "chat.chat", "pk": 9, "fields": {"name": "ameen", "email": "ameenarshad.shi@gmail.com", "unread": 0, "is_group": false}}, {"model": "chat.chat", "pk": 10, "fields": {"name": "Hashid tester", "email": "hashid.osperb@gmail.com", "unread": 0, "is_group": false}}, {"model": "chat.chat", "pk": 11, "fields": {"name": "Hashid Sharaf Koori", "email": "hashid0001@gmail.com", "unread": 0, "is_group": false}}, {"model": "chat.chat", "pk": 12, "fields": {"name": "ameen", "email": "ameenarshad.sh@gmail.com", "unread": 0, "is_group": false}}, {"model": "chat.chat", "pk": 13, "fields": {"name": "tester", "email": "hashid.osperb@gmail.com", "unread": 0, "is_group": false}}, {"model": "chat.chat", "pk": 14, "fields": {"name": "Raniya Valiyakathodukayil", "email": "beeviraniya@gmail.com", "unread": 0, "is_group": false}}, {"model": "chat.chat", "pk": 15, "fields": {"name": "Rashid", "email": "rashidosperb@gmail.com", "unread": 0, "is_group": false}}, {"model": "chat.chat", "pk": 16, "fields": {"name": "rashid", "email": "rashidrashimrv002@gmail.com", "unread": 0, "is_group": false}}, {"model": "chat.chat", "pk": 17, "fields": {"name": "Ameen", "email": "ameen.osperb@gmail.com", "unread": 0, "is_group": false}}, {"model": "chat.chat", "pk": 18, "fields": {"name": "rashid", "email": "rashidorperb@gmail.com", "unread": 0, "is_group": false}}, {"model": "chat.chat", "pk": 19, "fields": {"name": "Mooza mansoor", "email": "sinceseptember1988@gmail.com", "unread": 0, "is_group": false}}, {"model": "chat.chat", "pk": 20, "fields": {"name": "Shamzeer", "email": "samzs88@hotmail.com", "unread": 0, "is_group": false}}, {"model": "chat.chat", "pk": 21, "fields": {"name": "Merin shaji", "email": "merinshajijohn@gmail.com", "unread": 0, "is_group": false}}, {"model": "chat.chat", "pk": 22, "fields": {"name": "Alan Alex", "email": "alanalex353@gmail.com", "unread": 0, "is_group": false}}, {"model": "chat.chat", "pk": 23, "fields": {"name": "ameen", "email": "ameenarshad.sh@gmail.com", "unread": 0, "is_group": false}}, {"model": "chat.chat", "pk": 24, "fields": {"name": "Rehmathunnisa Annachampally", "email": "renisa769@gmail.com", "unread": 0, "is_group": false}}, {"model": "chat.chat", "pk": 25, "fields": {"name": "Araba Oluwasegun", "email": "kayodearaba@gmail.com", "unread": 0, "is_group": false}}, {"model": "chat.chat", "pk": 26, "fields": {"name": "tester", "email": "ameen.osperb@gmail.com", "unread": 0, "is_group": false}}, {"model": "chat.chat", "pk": 27, "fields": {"name": "GIRISH S", "email": "girishsait@gmail.com", "unread": 0, "is_group": false}}, {"model": "chat.chat", "pk": 28, "fields": {"name": "Bharti tiwari", "email": "tiwaripinky286@gmail.com", "unread": 0, "is_group": false}}, {"model": "chat.chat", "pk": 29, "fields": {"name": "Test", "email": "rashidrashimrv002@gmail.com", "unread": 0, "is_group": false}}, {"model": "chat.chat", "pk": 30, "fields": {"name": "Bekee chioma", "email": "lilioma86@yahoo.com", "unread": 0, "is_group": false}}, {"model": "chat.chat", "pk": 31, "fields": {"name": "Aman Mohammed", "email": "zshamzeer@gmail.com", "unread": 0, "is_group": false}}, {"model": "chat.chat", "pk": 32, "fields": {"name": "Shamzeer mohammed", "email": "shamzeer4411@gmail.com", "unread": 0, "is_group": false}}, {"model": "chat.chat", "pk": 33, "fields": {"name": "Mohd shamzeer", "email": "shamzeer4411@gmail.com", "unread": 0, "is_group": false}}, {"model": "chat.chat", "pk": 34, "fields": {"name": "Mohammed zs", "email": "shamzeer4411@gmail.com", "unread": 0, "is_group": false}}, {"model": "chat.chat", "pk": 35, "fields": {"name": "Mohammed shamzeer pp", "email": "shamzeer4411@gmail.com", "unread": 0, "is_group": false}}, {"model": "chat.chat", "pk": 36, "fields": {"name": "Sam", "email": "zshamzeer@gmail.com", "unread": 0, "is_group": false}}, {"model": "chat.chat", "pk": 37, "fields": {"name": "Sam", "email": "zshamzeer@gmail.com", "unread": 0, "is_group": false}}, {"model": "chat.chat", "pk": 38, "fields": {"name": "Mohammed", "email": "shamzeer4411@gmail.com", "unread": 0, "is_group": false}}, {"model": "chat.chat", "pk": 39, "fields": {"name": "Anshida", "email": "zshamzeer@gmail.com", "unread": 0, "is_group": false}}, {"model": "chat.chat", "pk": 40, "fields": {"name": "Shamzeer", "email": "zshamzeer@gmail.com", "unread": 0, "is_group": false}}, {"model": "chat.chat", "pk": 41, "fields": {"name": "Shamzeer", "email": "zshamzeer@gmail.com", "unread": 0, "is_group": false}}, {"model": "chat.chat", "pk": 42, "fields": {"name": "Chioma Nwangwu", "email": "maychichi82@yahoo.com", "unread": 0, "is_group": false}}, {"model": "chat.chat", "pk": 43, "fields": {"name": "Muhammed Rashid Tharayil", "email": "rashidtharayil59@gmail.com", "unread": 0, "is_group": false}}, {"model": "chat.chat", "pk": 44, "fields": {"name": "Misfar Mohd Kulatumattil", "email": "misfarmohd@gmail.com", "unread": 0, "is_group": false}}, {"model": "chat.chat", "pk": 45, "fields": {"name": "Muhammed Rashid", "email": "rashidosperb@gmail.com", "unread": 0, "is_group": false}}, {"model": "chat.chat", "pk": 46, "fields": {"name": "Sanjay ummanath", "email": "sjsanjay888@gmail.com", "unread": 0, "is_group": false}}, {"model": "chat.chat", "pk": 47, "fields": {"name": "Abbas Ambaya Kode", "email": "abbasthonichira@gmail.com", "unread": 0, "is_group": false}}, {"model": "chat.chat", "pk": 48, "fields": {"name": "Hashid Sharaf Koori", "email": "hashid0001@gmail.com", "unread": 0, "is_group": false}}, {"model": "chat.chatmember", "pk": 2, "fields": {"chat": 1, "account": 1}}, {"model": "chat.chatmember", "pk": 3, "fields": {"chat": 2, "account": 3}}, {"model": "chat.chatmember", "pk": 4, "fields": {"chat": 2, "account": 1}}, {"model": "chat.chatmember", "pk": 6, "fields": {"chat": 3, "account": 1}}, {"model": "chat.chatmember", "pk": 8, "fields": {"chat": 4, "account": 1}}, {"model": "chat.chatmember", "pk": 9, "fields": {"chat": 5, "account": 6}}, {"model": "chat.chatmember", "pk": 10, "fields": {"chat": 5, "account": 1}}, {"model": "chat.chatmember", "pk": 12, "fields": {"chat": 6, "account": 1}}, {"model": "chat.chatmember", "pk": 14, "fields": {"chat": 7, "account": 1}}, {"model": "chat.chatmember", "pk": 16, "fields": {"chat": 8, "account": 1}}, {"model": "chat.chatmember", "pk": 18, "fields": {"chat": 9, "account": 1}}, {"model": "chat.chatmember", "pk": 20, "fields": {"chat": 10, "account": 1}}, {"model": "chat.chatmember", "pk": 22, "fields": {"chat": 11, "account": 1}}, {"model": "chat.chatmember", "pk": 24, "fields": {"chat": 12, "account": 1}}, {"model": "chat.chatmember", "pk": 25, "fields": {"chat": 13, "account": 14}}, {"model": "chat.chatmember", "pk": 26, "fields": {"chat": 13, "account": 1}}, {"model": "chat.chatmember", "pk": 27, "fields": {"chat": 14, "account": 15}}, {"model": "chat.chatmember", "pk": 28, "fields": {"chat": 14, "account": 1}}, {"model": "chat.chatmember", "pk": 30, "fields": {"chat": 15, "account": 1}}, {"model": "chat.chatmember", "pk": 32, "fields": {"chat": 16, "account": 1}}, {"model": "chat.chatmember", "pk": 34, "fields": {"chat": 17, "account": 1}}, {"model": "chat.chatmember", "pk": 36, "fields": {"chat": 18, "account": 1}}, {"model": "chat.chatmember", "pk": 38, "fields": {"chat": 19, "account": 1}}, {"model": "chat.chatmember", "pk": 39, "fields": {"chat": 20, "account": 21}}, {"model": "chat.chatmember", "pk": 40, "fields": {"chat": 20, "account": 1}}, {"model": "chat.chatmember", "pk": 41, "fields": {"chat": 21, "account": 22}}, {"model": "chat.chatmember", "pk": 42, "fields": {"chat": 21, "account": 1}}, {"model": "chat.chatmember", "pk": 43, "fields": {"chat": 22, "account": 23}}, {"model": "chat.chatmember", "pk": 44, "fields": {"chat": 22, "account": 1}}, {"model": "chat.chatmember", "pk": 45, "fields": {"chat": 23, "account": 24}}, {"model": "chat.chatmember", "pk": 46, "fields": {"chat": 23, "account": 1}}, {"model": "chat.chatmember", "pk": 47, "fields": {"chat": 24, "account": 25}}, {"model": "chat.chatmember", "pk": 48, "fields": {"chat": 24, "account": 1}}, {"model": "chat.chatmember", "pk": 49, "fields": {"chat": 25, "account": 26}}, {"model": "chat.chatmember", "pk": 50, "fields": {"chat": 25, "account": 1}}, {"model": "chat.chatmember", "pk": 51, "fields": {"chat": 26, "account": 27}}, {"model": "chat.chatmember", "pk": 52, "fields": {"chat": 26, "account": 1}}, {"model": "chat.chatmember", "pk": 53, "fields": {"chat": 27, "account": 28}}, {"model": "chat.chatmember", "pk": 54, "fields": {"chat": 27, "account": 1}}, {"model": "chat.chatmember", "pk": 55, "fields": {"chat": 28, "account": 29}}, {"model": "chat.chatmember", "pk": 56, "fields": {"chat": 28, "account": 1}}, {"model": "chat.chatmember", "pk": 57, "fields": {"chat": 29, "account": 30}}, {"model": "chat.chatmember", "pk": 58, "fields": {"chat": 29, "account": 1}}, {"model": "chat.chatmember", "pk": 59, "fields": {"chat": 30, "account": 31}}, {"model": "chat.chatmember", "pk": 60, "fields": {"chat": 30, "account": 1}}, {"model": "chat.chatmember", "pk": 62, "fields": {"chat": 31, "account": 1}}, {"model": "chat.chatmember", "pk": 64, "fields": {"chat": 32, "account": 1}}, {"model": "chat.chatmember", "pk": 66, "fields": {"chat": 33, "account": 1}}, {"model": "chat.chatmember", "pk": 68, "fields": {"chat": 34, "account": 1}}, {"model": "chat.chatmember", "pk": 70, "fields": {"chat": 35, "account": 1}}, {"model": "chat.chatmember", "pk": 72, "fields": {"chat": 36, "account": 1}}, {"model": "chat.chatmember", "pk": 74, "fields": {"chat": 37, "account": 1}}, {"model": "chat.chatmember", "pk": 75, "fields": {"chat": 38, "account": 39}}, {"model": "chat.chatmember", "pk": 76, "fields": {"chat": 38, "account": 1}}, {"model": "chat.chatmember", "pk": 78, "fields": {"chat": 39, "account": 1}}, {"model": "chat.chatmember", "pk": 80, "fields": {"chat": 40, "account": 1}}, {"model": "chat.chatmember", "pk": 81, "fields": {"chat": 41, "account": 43}}, {"model": "chat.chatmember", "pk": 82, "fields": {"chat": 41, "account": 1}}, {"model": "chat.chatmember", "pk": 83, "fields": {"chat": 42, "account": 44}}, {"model": "chat.chatmember", "pk": 84, "fields": {"chat": 42, "account": 1}}, {"model": "chat.chatmember", "pk": 85, "fields": {"chat": 43, "account": 45}}, {"model": "chat.chatmember", "pk": 86, "fields": {"chat": 43, "account": 1}}, {"model": "chat.chatmember", "pk": 87, "fields": {"chat": 44, "account": 46}}, {"model": "chat.chatmember", "pk": 88, "fields": {"chat": 44, "account": 1}}, {"model": "chat.chatmember", "pk": 89, "fields": {"chat": 45, "account": 47}}, {"model": "chat.chatmember", "pk": 90, "fields": {"chat": 45, "account": 1}}, {"model": "chat.chatmember", "pk": 91, "fields": {"chat": 46, "account": 48}}, {"model": "chat.chatmember", "pk": 92, "fields": {"chat": 46, "account": 1}}, {"model": "chat.chatmember", "pk": 93, "fields": {"chat": 47, "account": 49}}, {"model": "chat.chatmember", "pk": 94, "fields": {"chat": 47, "account": 1}}, {"model": "chat.chatmember", "pk": 95, "fields": {"chat": 48, "account": 50}}, {"model": "chat.chatmember", "pk": 96, "fields": {"chat": 48, "account": 1}}, {"model": "chat.message", "pk": 1, "fields": {"chat": 2, "sender": 1, "content": "Hi,Alan Your registration is completed. kindly upload your cv.", "timestamp": "2023-02-01T09:28:51.196Z", "read": false, "msg_type": "text"}}, {"model": "chat.message", "pk": 4, "fields": {"chat": 2, "sender": 3, "content": "http://api-v2.careerpro.uk/media/msg_file/ALAN_K_JACOB_CV.pdf", "timestamp": "2023-02-05T16:50:43.250Z", "read": false, "msg_type": "file"}}, {"model": "chat.message", "pk": 30, "fields": {"chat": 1, "sender": 1, "content": "http://api-v2.careerpro.uk/media/msg_file/component.jpg", "timestamp": "2023-02-15T11:52:40.810Z", "read": false, "msg_type": "image"}}, {"model": "chat.message", "pk": 33, "fields": {"chat": 2, "sender": 1, "content": "Hi, kindly check your updated resume below , and provide the marked field details.", "timestamp": "2023-02-15T22:04:10.539Z", "read": false, "msg_type": "text"}}, {"model": "chat.message", "pk": 34, "fields": {"chat": 2, "sender": 1, "content": "https://api-v2.careerpro.uk/media/msg_file/ALANKOCHUPURAKKALJACOB_3.pdf", "timestamp": "2023-02-15T22:04:18.851Z", "read": false, "msg_type": "file"}}, {"model": "chat.message", "pk": 36, "fields": {"chat": 3, "sender": 1, "content": "hello", "timestamp": "2023-02-28T09:52:24.992Z", "read": false, "msg_type": "text"}}, {"model": "chat.message", "pk": 37, "fields": {"chat": 3, "sender": 1, "content": "Hi", "timestamp": "2023-02-28T09:54:04.478Z", "read": false, "msg_type": "text"}}, {"model": "chat.message", "pk": 47, "fields": {"chat": 3, "sender": 1, "content": "hope you are doing well ", "timestamp": "2023-03-06T13:50:02.845Z", "read": false, "msg_type": "text"}}, {"model": "chat.message", "pk": 48, "fields": {"chat": 13, "sender": 14, "content": "hi", "timestamp": "2023-03-06T15:49:43.255Z", "read": false, "msg_type": "text"}}, {"model": "chat.message", "pk": 49, "fields": {"chat": 13, "sender": 1, "content": "hello", "timestamp": "2023-03-06T15:50:01.660Z", "read": false, "msg_type": "text"}}, {"model": "chat.message", "pk": 50, "fields": {"chat": 13, "sender": 14, "content": "hi", "timestamp": "2023-03-06T15:56:29.706Z", "read": false, "msg_type": "text"}}, {"model": "chat.message", "pk": 51, "fields": {"chat": 13, "sender": 1, "content": "heyyy", "timestamp": "2023-03-06T15:56:38.651Z", "read": false, "msg_type": "text"}}, {"model": "chat.message", "pk": 52, "fields": {"chat": 13, "sender": 14, "content": "koikhu", "timestamp": "2023-03-06T15:56:53.052Z", "read": false, "msg_type": "text"}}, {"model": "chat.message", "pk": 53, "fields": {"chat": 13, "sender": 1, "content": "https://api-v2.careerpro.uk/media/msg_file/wddu9skehblwf8okynjv.jpg", "timestamp": "2023-03-06T15:56:57.932Z", "read": false, "msg_type": "image"}}, {"model": "chat.message", "pk": 54, "fields": {"chat": 13, "sender": 1, "content": "https://api-v2.careerpro.uk/media/msg_file/index_6RRZkzP.html", "timestamp": "2023-03-06T15:58:51.606Z", "read": false, "msg_type": "file"}}, {"model": "chat.message", "pk": 55, "fields": {"chat": 13, "sender": 1, "content": "https://api-v2.careerpro.uk/media/msg_file/index_QrPcZuL.html", "timestamp": "2023-03-06T15:59:27.952Z", "read": false, "msg_type": "file"}}, {"model": "chat.message", "pk": 57, "fields": {"chat": 23, "sender": 24, "content": "Hello", "timestamp": "2023-03-21T06:24:56.317Z", "read": false, "msg_type": "text"}}, {"model": "chat.message", "pk": 58, "fields": {"chat": 23, "sender": 24, "content": "Hello9", "timestamp": "2023-03-21T06:25:40.216Z", "read": false, "msg_type": "text"}}, {"model": "chat.message", "pk": 59, "fields": {"chat": 23, "sender": 24, "content": "Hhios", "timestamp": "2023-03-21T06:25:43.032Z", "read": false, "msg_type": "text"}}, {"model": "chat.message", "pk": 60, "fields": {"chat": 23, "sender": 24, "content": "Iyy", "timestamp": "2023-03-21T06:25:51.925Z", "read": false, "msg_type": "text"}}, {"model": "chat.message", "pk": 61, "fields": {"chat": 23, "sender": 24, "content": "hello sir", "timestamp": "2023-03-21T12:27:46.901Z", "read": false, "msg_type": "text"}}, {"model": "chat.message", "pk": 62, "fields": {"chat": 23, "sender": 1, "content": "hello ", "timestamp": "2023-03-21T12:28:49.652Z", "read": false, "msg_type": "text"}}, {"model": "chat.message", "pk": 63, "fields": {"chat": 23, "sender": 1, "content": "what you want ...?", "timestamp": "2023-03-21T12:28:56.236Z", "read": false, "msg_type": "text"}}, {"model": "chat.message", "pk": 64, "fields": {"chat": 23, "sender": 24, "content": "i want some contact in admin", "timestamp": "2023-03-21T12:30:03.992Z", "read": false, "msg_type": "text"}}, {"model": "chat.message", "pk": 65, "fields": {"chat": 23, "sender": 1, "content": "ok", "timestamp": "2023-03-21T12:30:10.433Z", "read": false, "msg_type": "text"}}, {"model": "chat.message", "pk": 66, "fields": {"chat": 23, "sender": 1, "content": "i will send later ,am littile busy", "timestamp": "2023-03-21T12:30:38.339Z", "read": false, "msg_type": "text"}}, {"model": "chat.message", "pk": 67, "fields": {"chat": 23, "sender": 24, "content": "ok ", "timestamp": "2023-03-21T12:30:43.978Z", "read": false, "msg_type": "text"}}, {"model": "chat.message", "pk": 68, "fields": {"chat": 2, "sender": 1, "content": "https://api-v2.careerpro.uk/media/msg_file/ALANKOCHUPURAKKALJACOB_draft.pdf", "timestamp": "2023-03-28T12:39:30.424Z", "read": false, "msg_type": "file"}}, {"model": "chat.message", "pk": 69, "fields": {"chat": 14, "sender": 1, "content": "Hi, could you please send the modules here ? ", "timestamp": "2023-04-01T16:04:16.205Z", "read": false, "msg_type": "text"}}, {"model": "chat.message", "pk": 70, "fields": {"chat": 23, "sender": 24, "content": "https://api-v2.careerpro.uk/media/msg_file/all.csv", "timestamp": "2023-04-03T10:15:06.908Z", "read": false, "msg_type": "file"}}, {"model": "chat.message", "pk": 71, "fields": {"chat": 20, "sender": 1, "content": "Hi", "timestamp": "2023-04-10T17:02:53.770Z", "read": false, "msg_type": "text"}}, {"model": "chat.message", "pk": 76, "fields": {"chat": 10, "sender": 1, "content": "Hi", "timestamp": "2023-05-22T10:47:26.814Z", "read": false, "msg_type": "text"}}, {"model": "chat.message", "pk": 77, "fields": {"chat": 10, "sender": 1, "content": "hello", "timestamp": "2023-05-22T11:27:07.845Z", "read": false, "msg_type": "text"}}, {"model": "chat.message", "pk": 78, "fields": {"chat": 13, "sender": 1, "content": "hello", "timestamp": "2023-05-22T11:29:45.789Z", "read": false, "msg_type": "text"}}, {"model": "chat.message", "pk": 79, "fields": {"chat": 41, "sender": 1, "content": "hi", "timestamp": "2023-06-13T10:30:27.630Z", "read": false, "msg_type": "text"}}, {"model": "chat.message", "pk": 80, "fields": {"chat": 41, "sender": 1, "content": "hello", "timestamp": "2023-06-13T10:31:00.645Z", "read": false, "msg_type": "text"}}, {"model": "chat.message", "pk": 81, "fields": {"chat": 43, "sender": 45, "content": "Hi", "timestamp": "2023-09-05T15:23:56.183Z", "read": false, "msg_type": "text"}}, {"model": "chat.message", "pk": 82, "fields": {"chat": 46, "sender": 1, "content": "Hi there! I would recommend focusing on both project management and software-related jobs. Take some time to explore opportunities within IT and learn new skills. It's always great to be passionate and focused on what you do! Plus, the chances of landing a job in a software-related area are higher compared to project management job roles.", "timestamp": "2023-09-07T07:53:02.784Z", "read": false, "msg_type": "text"}}, {"model": "chat.message", "pk": 83, "fields": {"chat": 46, "sender": 1, "content": "We'll be giving you a call soon while we work on drafting your CV. Looking forward to chatting with you!", "timestamp": "2023-09-07T07:57:17.089Z", "read": false, "msg_type": "text"}}, {"model": "chat.message", "pk": 84, "fields": {"chat": 43, "sender": 1, "content": "Hello Rashid, we will be getting your resume ready shortly and you can expect a call about it. ", "timestamp": "2023-09-09T08:35:47.851Z", "read": false, "msg_type": "text"}}, {"model": "chat.messagefile", "pk": 1, "fields": {"account": 3, "msg_file": "msg_file/ALAN_K_JACOB_CV.pdf"}}, {"model": "chat.messagefile", "pk": 11, "fields": {"account": 1, "msg_file": "msg_file/component.jpg"}}, {"model": "chat.messagefile", "pk": 75, "fields": {"account": 1, "msg_file": "msg_file/ALANKOCHUPURAKKALJACOB_3.pdf"}}, {"model": "chat.messagefile", "pk": 76, "fields": {"account": 1, "msg_file": "msg_file/wddu9skehblwf8okynjv.jpg"}}, {"model": "chat.messagefile", "pk": 77, "fields": {"account": 1, "msg_file": "msg_file/index_6RRZkzP.html"}}, {"model": "chat.messagefile", "pk": 78, "fields": {"account": 1, "msg_file": "msg_file/index_QrPcZuL.html"}}, {"model": "chat.messagefile", "pk": 79, "fields": {"account": 1, "msg_file": "msg_file/ALANKOCHUPURAKKALJACOB_draft.pdf"}}, {"model": "chat.messagefile", "pk": 80, "fields": {"account": 24, "msg_file": "msg_file/all.csv"}}, {"model": "account.account", "pk": 1, "fields": {"password": "pbkdf2_sha256$320000$Ue4yPiyE6Pthj3eHzbtLNY$r2UdI1jfys8IYr6OStFZkeQ1+GVpQ4CJdat7QnNGcQw=", "email": "admin@gmail.com", "date_joined": "2023-01-29T11:35:21.071Z", "last_login": "2023-09-12T19:47:17.237Z", "is_admin": true, "is_active": true, "is_staff": true, "is_superuser": true, "full_name": "", "phone": "", "dob": null, "role": "admin"}}, {"model": "account.account", "pk": 3, "fields": {"password": "pbkdf2_sha256$320000$yuL6UwvdsvjqXAak2GL20f$TzR8Kj0K/tCkS1LI8OF7v24fV79Wu/MNYyRQBxz3FdI=", "email": "alankjacob085@gmail.com", "date_joined": "2023-01-31T21:22:36.945Z", "last_login": "2023-02-06T11:06:20.354Z", "is_admin": false, "is_active": true, "is_staff": false, "is_superuser": false, "full_name": "Alan kochupurakkal Jacob", "phone": "07776694585", "dob": null, "role": "student"}}, {"model": "account.account", "pk": 6, "fields": {"password": "pbkdf2_sha256$320000$J9Xk3DZKDYw6cXT9U1MBzA$nQo5mMpQF0wRqM96vndW8SJsmFUWJVMw/g4uZfor4I4=", "email": "tharayiljosephjoy1999@gmail.com", "date_joined": "2023-02-09T19:22:40.857Z", "last_login": "2023-03-18T23:40:22.374Z", "is_admin": false, "is_active": true, "is_staff": false, "is_superuser": false, "full_name": "Joy Joseph", "phone": "07586616054", "dob": null, "role": "student"}}, {"model": "account.account", "pk": 14, "fields": {"password": "pbkdf2_sha256$320000$vkkB5MyTBWjbr4Z73r4BPU$6uIdXmr6UbNLysdbPFeX8Gk2hY5pMPVYRbyb4NnmIk4=", "email": "hashid.osperb@gmail.com", "date_joined": "2023-03-06T15:49:15.332Z", "last_login": "2023-06-14T06:35:36.323Z", "is_admin": false, "is_active": true, "is_staff": false, "is_superuser": false, "full_name": "tester", "phone": "07511117381", "dob": null, "role": "student"}}, {"model": "account.account", "pk": 15, "fields": {"password": "pbkdf2_sha256$320000$8NcVVec03Wq1MRPN8pjdMH$FL44G4hXKPtDQyYHyMKL6WA6OdBBJ0nF+8biaMFyOxg=", "email": "beeviraniya@gmail.com", "date_joined": "2023-03-07T17:42:52.497Z", "last_login": "2023-03-31T17:14:45.700Z", "is_admin": false, "is_active": true, "is_staff": false, "is_superuser": false, "full_name": "Raniya Valiyakathodukayil", "phone": "07442758325", "dob": null, "role": "student"}}, {"model": "account.account", "pk": 21, "fields": {"password": "pbkdf2_sha256$320000$okdMdZas0eR0s1NeSPmUlu$7l04NkCvu1U8TBq34GEm2nePEZ696wml+qSLXLfEDcM=", "email": "samzs88@hotmail.com", "date_joined": "2023-03-18T12:26:23.656Z", "last_login": "2023-05-04T08:57:31.748Z", "is_admin": false, "is_active": true, "is_staff": false, "is_superuser": false, "full_name": "Shamzeer", "phone": "07741639374", "dob": null, "role": "student"}}, {"model": "account.account", "pk": 22, "fields": {"password": "pbkdf2_sha256$320000$7xJdgPperWEuOJqBIZUaZT$Bmmn7GZDuhpOXjCtUGl34gQkBphFMPmsHraZJQZ2amE=", "email": "merinshajijohn@gmail.com", "date_joined": "2023-03-18T15:29:48.526Z", "last_login": "2023-03-20T13:20:38.304Z", "is_admin": false, "is_active": true, "is_staff": false, "is_superuser": false, "full_name": "Merin shaji", "phone": "07435391613", "dob": null, "role": "student"}}, {"model": "account.account", "pk": 23, "fields": {"password": "pbkdf2_sha256$320000$2LJUkrq9hpNLFiv0Qfl0mG$DsZSw6SYaKoYuTfQ+d95idr0gwmEdXDhHecbFVOiMdU=", "email": "alanalex353@gmail.com", "date_joined": "2023-03-18T15:38:12.628Z", "last_login": "2023-03-20T13:21:32.904Z", "is_admin": false, "is_active": true, "is_staff": false, "is_superuser": false, "full_name": "Alan Alex", "phone": "07824079903", "dob": null, "role": "student"}}, {"model": "account.account", "pk": 24, "fields": {"password": "pbkdf2_sha256$320000$fnV3Ouh9ilzyCWznMMVxpl$4MFChAikRgnNBwnn7kG2mGu8ZV9DqSQg1j6OIg0WSUo=", "email": "ameenarshad.sh@gmail.com", "date_joined": "2023-03-21T06:15:35.245Z", "last_login": "2023-05-22T09:22:33.883Z", "is_admin": false, "is_active": true, "is_staff": false, "is_superuser": false, "full_name": "ameen", "phone": "8606409313", "dob": null, "role": "student"}}, {"model": "account.account", "pk": 25, "fields": {"password": "pbkdf2_sha256$320000$34vy5qgz0GluCmdtl7CMFh$nL4QxyQOaOUS48P5VEsjSffs+sOs8kCi1Q/aMic9BEg=", "email": "renisa769@gmail.com", "date_joined": "2023-03-22T09:45:49.832Z", "last_login": "2023-03-30T20:35:33.182Z", "is_admin": false, "is_active": true, "is_staff": false, "is_superuser": false, "full_name": "Rehmathunnisa Annachampally", "phone": "07436374260", "dob": null, "role": "student"}}, {"model": "account.account", "pk": 26, "fields": {"password": "pbkdf2_sha256$320000$MR0AYeO3PVpbwZ13d39kp0$8mLwIulGt84c27P73HWcZzw9e69lnt9KP7/HLdmMeo8=", "email": "kayodearaba@gmail.com", "date_joined": "2023-03-23T11:50:49.775Z", "last_login": "2023-04-01T05:15:10.234Z", "is_admin": false, "is_active": true, "is_staff": false, "is_superuser": false, "full_name": "Araba Oluwasegun", "phone": "07867267888", "dob": null, "role": "student"}}, {"model": "account.account", "pk": 27, "fields": {"password": "pbkdf2_sha256$320000$0ZYQ8xd6J7nPA2pdCaycfW$OB0u+MVq3HJtadmuMjdwHrEkSOyDp9UjETETgAJfJs4=", "email": "ameen.osperb@gmail.com", "date_joined": "2023-04-03T03:03:56.332Z", "last_login": "2023-05-22T09:53:26.753Z", "is_admin": false, "is_active": true, "is_staff": false, "is_superuser": false, "full_name": "tester", "phone": "8606409313", "dob": null, "role": "student"}}, {"model": "account.account", "pk": 28, "fields": {"password": "pbkdf2_sha256$320000$RyQrcndHDkWWQQtTDBGy7Z$9ePoEBvTweXbIk4QLCNQ6REWlzlH5VI06WrRcHJBVNM=", "email": "girishsait@gmail.com", "date_joined": "2023-04-03T11:34:23.795Z", "last_login": "2023-04-03T11:34:23.795Z", "is_admin": false, "is_active": true, "is_staff": false, "is_superuser": false, "full_name": "GIRISH S", "phone": "7353392508", "dob": null, "role": "student"}}, {"model": "account.account", "pk": 29, "fields": {"password": "pbkdf2_sha256$320000$JUNWJy3pNtiwnWeEAb9sAy$hQNQIGnlVV55tyuBaOoKLco0fn6oW7/mEzYSH8rwvRM=", "email": "tiwaripinky286@gmail.com", "date_joined": "2023-04-04T04:58:12.642Z", "last_login": "2023-04-04T04:58:12.642Z", "is_admin": false, "is_active": true, "is_staff": false, "is_superuser": false, "full_name": "Bharti tiwari", "phone": "9548552553", "dob": null, "role": "student"}}, {"model": "account.account", "pk": 30, "fields": {"password": "pbkdf2_sha256$320000$5Ph6UHg1QLrxcbFIObECWi$ezPKzJKNwJJ91aIOe0fxBC38eFiKGq7EtqiDoahpNM8=", "email": "rashidrashimrv002@gmail.com", "date_joined": "2023-04-10T08:46:32.872Z", "last_login": "2023-09-09T14:58:55.906Z", "is_admin": false, "is_active": true, "is_staff": false, "is_superuser": false, "full_name": "Test", "phone": "9645329201", "dob": null, "role": "student"}}, {"model": "account.account", "pk": 31, "fields": {"password": "pbkdf2_sha256$320000$c0gGx4KUSc6oSHBuC1q6gV$VEViLmrZ18Ptral3bRFiNU5QhvlB/guGBgfXgsO7hUk=", "email": "lilioma86@yahoo.com", "date_joined": "2023-04-11T15:56:45.008Z", "last_login": "2023-04-11T16:15:45.914Z", "is_admin": false, "is_active": true, "is_staff": false, "is_superuser": false, "full_name": "Bekee chioma", "phone": "07038430855", "dob": null, "role": "student"}}, {"model": "account.account", "pk": 39, "fields": {"password": "pbkdf2_sha256$320000$x7BQBH9AIdHglRO930NFwf$GRFCKkqEM40cJUSpy5qGZ14v3JBGv8dSFNCRf+93Rrc=", "email": "shamzeer4411@gmail.com", "date_joined": "2023-05-15T12:38:05.194Z", "last_login": "2023-05-15T12:51:53.107Z", "is_admin": false, "is_active": true, "is_staff": false, "is_superuser": false, "full_name": "Mohammed", "phone": "0778989898", "dob": null, "role": "student"}}, {"model": "account.account", "pk": 43, "fields": {"password": "pbkdf2_sha256$320000$malfLLovqAhh7vGbMHNMIz$H92PkSpQSssPEeGiYOFj6KpANS9OiKWnsv8fQtYXplg=", "email": "zshamzeer@gmail.com", "date_joined": "2023-06-13T08:43:02.438Z", "last_login": "2023-08-09T17:39:59.747Z", "is_admin": false, "is_active": true, "is_staff": false, "is_superuser": false, "full_name": "Shamzeer", "phone": "8891639374", "dob": null, "role": "student"}}, {"model": "account.account", "pk": 44, "fields": {"password": "pbkdf2_sha256$320000$NoDjF7KtcqHh5m9JbSiI1K$bmavcuL7Q813AlF2r6Frtqk4l4gdgdW4otGdaM5ZkLQ=", "email": "maychichi82@yahoo.com", "date_joined": "2023-07-16T16:57:27.752Z", "last_login": "2023-07-16T16:57:27.752Z", "is_admin": false, "is_active": true, "is_staff": false, "is_superuser": false, "full_name": "Chioma Nwangwu", "phone": "07889752671", "dob": null, "role": "student"}}, {"model": "account.account", "pk": 45, "fields": {"password": "pbkdf2_sha256$320000$d8aLDnrUk9F7di9G1u2Jo3$1UIvWRiW4otEI4alJkIAEVmrZduKoTMxdzM7NHppNCQ=", "email": "rashidtharayil59@gmail.com", "date_joined": "2023-09-05T15:07:45.183Z", "last_login": "2023-09-05T15:20:33.190Z", "is_admin": false, "is_active": true, "is_staff": false, "is_superuser": false, "full_name": "Muhammed Rashid Tharayil", "phone": "07459264766", "dob": null, "role": "student"}}, {"model": "account.account", "pk": 46, "fields": {"password": "pbkdf2_sha256$320000$iUchBxDCj8s2Fk6JhA3RTr$s8+5mf8NisLbntA1J/OXLLsdxoaMB/csf6Hq4eN790M=", "email": "misfarmohd@gmail.com", "date_joined": "2023-09-05T17:04:29.335Z", "last_login": "2023-09-05T17:04:29.335Z", "is_admin": false, "is_active": true, "is_staff": false, "is_superuser": false, "full_name": "Misfar Mohd Kulatumattil", "phone": "07824360704", "dob": null, "role": "student"}}, {"model": "account.account", "pk": 47, "fields": {"password": "pbkdf2_sha256$320000$OE7cbBpRQZVkbIQOrkS2lr$FLbn3HOW+PhBokuEsKOe9DVbPLi6/4RwOevfFi5fQqQ=", "email": "rashidosperb@gmail.com", "date_joined": "2023-09-06T10:52:25.872Z", "last_login": "2023-09-12T20:41:21.181Z", "is_admin": false, "is_active": true, "is_staff": false, "is_superuser": false, "full_name": "Muhammed Rashid", "phone": "9645329201", "dob": null, "role": "student"}}, {"model": "account.account", "pk": 48, "fields": {"password": "pbkdf2_sha256$320000$923zZm9auFGmp0sCj0VFvp$F4f9P6qZAWqoSOMIuWOHaWNaqMj0tRmERJK3AzcTKDA=", "email": "sjsanjay888@gmail.com", "date_joined": "2023-09-06T14:58:51.233Z", "last_login": "2023-09-06T14:58:51.233Z", "is_admin": false, "is_active": true, "is_staff": false, "is_superuser": false, "full_name": "Sanjay ummanath", "phone": "07867083851", "dob": null, "role": "student"}}, {"model": "account.account", "pk": 49, "fields": {"password": "pbkdf2_sha256$320000$s5ofKnUreIu4rSv6H5uleW$yZ4HV7AgLgqT4d0EM6ukfbNobVk406djF894RlnqrrY=", "email": "abbasthonichira@gmail.com", "date_joined": "2023-09-09T12:04:05.368Z", "last_login": "2023-09-09T12:21:32.803Z", "is_admin": false, "is_active": true, "is_staff": false, "is_superuser": false, "full_name": "Abbas Ambaya Kode", "phone": "07442950218", "dob": null, "role": "student"}}, {"model": "account.account", "pk": 50, "fields": {"password": "pbkdf2_sha256$320000$B3qGks6KEINeIT9YWRLNUK$+9+V0Vh8Z2vjmitfOYGu90cU0ZWghZ9RJsBgiEXWYYY=", "email": "hashid0001@gmail.com", "date_joined": "2023-09-12T19:59:37.645Z", "last_login": "2023-09-12T19:59:37.645Z", "is_admin": false, "is_active": true, "is_staff": false, "is_superuser": false, "full_name": "Hashid Sharaf Koori", "phone": "7511117381", "dob": null, "role": "student"}}, {"model": "student.student", "pk": "007de97b-7e06-42bf-98e7-0452395d46ed", "fields": {"auto_id": 16, "date_added": "2023-04-03T11:34:24.115Z", "creator": null, "is_deleted": false, "account": 28, "address": null, "dob": null, "profilepic": "", "cv": "", "cover_letter": "", "cover_letter_two": "", "linkedin_profile": "", "company_cv": "", "company_cv_two": "", "linkedin_username": null, "linkedin_password": null, "university": null, "university_dead_line": null, "course_campus": null, "course_title": null, "course_start_date": null, "course_end_date": null, "company_name": null, "designation": null, "first_preferred_location": null, "second_preferred_location": null, "third_preferred_location": null, "forth_preferred_location": null, "working_type": null, "work_start_date": null, "work_end_date": null, "work_duration": null, "contract_submit_date": null, "expr_certi_submit_date": null, "first_job_sector": null, "second_job_sector": null, "third_job_sector": null, "forth_job_sector": null, "first_job_role": null, "second_job_role": null, "third_job_role": null, "forth_job_role": null, "course_duration": null, "visa_start_date": null, "visa_end_date": null, "fees_paid": false, "application_submitted": false}}, {"model": "student.student", "pk": "08f5ab9a-4021-487b-8ca2-ea159c17e1c2", "fields": {"auto_id": 2, "date_added": "2023-01-31T21:22:37.768Z", "creator": null, "is_deleted": false, "account": 3, "address": "23 HUMPHREYS ROAD\r\nCB4 2JR", "dob": "2003-02-08", "profilepic": "", "cv": "cv/Given_cv_Alen_1.pdf", "cover_letter": "", "cover_letter_two": "", "linkedin_profile": "", "company_cv": "company_cv/ALANKOCHUPURAKKALJACOB_draft_TWRrvWr.pdf", "company_cv_two": "", "linkedin_username": "Alan Kochupurakkal Jacob", "linkedin_password": "Alan@2021", "university": "ANGLIA RUSKIN UNIVERSITY", "university_dead_line": "2023-12-01", "course_campus": "CAMBRIDGE", "course_title": "BACHELORS OF ENGINEERING(HONS) COMPUTER SCIENCE", "course_start_date": "2022-01-10", "course_end_date": "2024-12-20", "company_name": null, "designation": null, "first_preferred_location": "Anywhere in UK", "second_preferred_location": "Anywhere in UK", "third_preferred_location": "Anywhere in UK", "forth_preferred_location": "Anywhere in UK", "working_type": "Placement", "work_start_date": "2024-01-01", "work_end_date": "2024-12-31", "work_duration": "1", "contract_submit_date": null, "expr_certi_submit_date": null, "first_job_sector": "Software Developer", "second_job_sector": "UX Designer", "third_job_sector": "AI Engineer", "forth_job_sector": "Computer Hardware Engineer", "first_job_role": "Intern", "second_job_role": "Intern", "third_job_role": "Intern", "forth_job_role": "Intern", "course_duration": "3 YEARS", "visa_start_date": "2022-01-09", "visa_end_date": "2024-12-31", "fees_paid": true, "application_submitted": true}}, {"model": "student.student", "pk": "0f938e53-5160-4164-8ea0-be6de98cf9c7", "fields": {"auto_id": 12, "date_added": "2023-03-21T06:15:35.590Z", "creator": null, "is_deleted": false, "account": 24, "address": "mna qqw", "dob": "2023-07-30", "profilepic": "Profile_pic/IMG-20230328-WA0164.jpg", "cv": "cv/ifsc_Qrtn9qx.html", "cover_letter": "cv/00977.png", "cover_letter_two": "cv/ifsc_PHDF5Vv.html", "linkedin_profile": "", "company_cv": "company_cv/IMG-20230328-WA0165.jpg", "company_cv_two": "company_cv_two/hashid_dl.jpg", "linkedin_username": "", "linkedin_password": "", "university": "Gbugj", "university_dead_line": "2023-04-26", "course_campus": "Hjkool", "course_title": "Hjio", "course_start_date": "2023-05-26", "course_end_date": "2023-05-20", "company_name": null, "designation": null, "first_preferred_location": "", "second_preferred_location": "", "third_preferred_location": "", "forth_preferred_location": "", "working_type": "Internship", "work_start_date": "2023-04-21", "work_end_date": "2023-04-21", "work_duration": "2 year", "contract_submit_date": null, "expr_certi_submit_date": null, "first_job_sector": "", "second_job_sector": "", "third_job_sector": "", "forth_job_sector": "", "first_job_role": "", "second_job_role": "", "third_job_role": "", "forth_job_role": "", "course_duration": "Hjoo", "visa_start_date": "2023-05-26", "visa_end_date": "2023-05-26", "fees_paid": true, "application_submitted": true}}, {"model": "student.student", "pk": "18e68bf1-ff88-4140-86cb-c3ad4d0b6561", "fields": {"auto_id": 24, "date_added": "2023-09-05T15:07:46.001Z", "creator": null, "is_deleted": false, "account": 45, "address": "28 Turnpike Link , CR0 5NX , Croydon", "dob": "1998-12-24", "profilepic": "", "cv": "cv/RASHID_11.pdf", "cover_letter": "", "cover_letter_two": "", "linkedin_profile": "", "company_cv": "", "company_cv_two": "", "linkedin_username": "Muhammed Rashid Tharayil", "linkedin_password": null, "university": "BPP University", "university_dead_line": "Invalid date", "course_campus": "London waterloo", "course_title": "Postgraduate Certificate in Business and Digital Studies", "course_start_date": "2020-04-03", "course_end_date": "2023-04-03", "company_name": null, "designation": null, "first_preferred_location": "Any", "second_preferred_location": "", "third_preferred_location": "", "forth_preferred_location": "", "working_type": null, "work_start_date": "Invalid date", "work_end_date": "Invalid date", "work_duration": null, "contract_submit_date": null, "expr_certi_submit_date": null, "first_job_sector": "Financial sector", "second_job_sector": "", "third_job_sector": "", "forth_job_sector": "", "first_job_role": "Accountant and Audit", "second_job_role": "", "third_job_role": "", "forth_job_role": "", "course_duration": "3 years", "visa_start_date": "2020-03-10", "visa_end_date": "2023-08-03", "fees_paid": false, "application_submitted": true}}, {"model": "student.student", "pk": "1ebfebad-3227-41c3-a488-00d8801aabb1", "fields": {"auto_id": 15, "date_added": "2023-04-03T03:03:56.696Z", "creator": null, "is_deleted": false, "account": 27, "address": null, "dob": "2023-05-03", "profilepic": "", "cv": "cv/Screenshot_from_2023-05-30_15-54-16.png", "cover_letter": "cv/Short_2.png", "cover_letter_two": "", "linkedin_profile": "", "company_cv": "", "company_cv_two": "", "linkedin_username": "hashidsharafk", "linkedin_password": null, "university": null, "university_dead_line": "Invalid date", "course_campus": null, "course_title": null, "course_start_date": "2023-05-03", "course_end_date": "2023-04-03", "company_name": null, "designation": null, "first_preferred_location": "", "second_preferred_location": "", "third_preferred_location": "", "forth_preferred_location": "", "working_type": null, "work_start_date": "Invalid date", "work_end_date": "Invalid date", "work_duration": null, "contract_submit_date": null, "expr_certi_submit_date": null, "first_job_sector": "", "second_job_sector": "", "third_job_sector": "", "forth_job_sector": "", "first_job_role": "", "second_job_role": "", "third_job_role": "", "forth_job_role": "", "course_duration": null, "visa_start_date": "2023-05-03", "visa_end_date": "2023-05-03", "fees_paid": true, "application_submitted": true}}, {"model": "student.student", "pk": "1fd92359-acbc-4e19-bb75-eec8887c5839", "fields": {"auto_id": 27, "date_added": "2023-09-06T14:58:52.072Z", "creator": null, "is_deleted": false, "account": 48, "address": null, "dob": null, "profilepic": "", "cv": "", "cover_letter": "", "cover_letter_two": "", "linkedin_profile": "", "company_cv": "", "company_cv_two": "", "linkedin_username": null, "linkedin_password": null, "university": null, "university_dead_line": null, "course_campus": null, "course_title": null, "course_start_date": null, "course_end_date": null, "company_name": null, "designation": null, "first_preferred_location": null, "second_preferred_location": null, "third_preferred_location": null, "forth_preferred_location": null, "working_type": null, "work_start_date": null, "work_end_date": null, "work_duration": null, "contract_submit_date": null, "expr_certi_submit_date": null, "first_job_sector": null, "second_job_sector": null, "third_job_sector": null, "forth_job_sector": null, "first_job_role": null, "second_job_role": null, "third_job_role": null, "forth_job_role": null, "course_duration": null, "visa_start_date": null, "visa_end_date": null, "fees_paid": false, "application_submitted": false}}, {"model": "student.student", "pk": "271625ed-9664-402f-b66d-1819e65f97d6", "fields": {"auto_id": 21, "date_added": "2023-05-15T12:38:05.620Z", "creator": null, "is_deleted": false, "account": 39, "address": "IOB -KLKJ", "dob": "2023-06-15", "profilepic": "", "cv": "", "cover_letter": "", "cover_letter_two": "", "linkedin_profile": "", "company_cv": "", "company_cv_two": "", "linkedin_username": "KLKJL_UI", "linkedin_password": "NMNNBH", "university": "LSBU", "university_dead_line": "2023-06-29", "course_campus": "UNITED KINGDOM", "course_title": "MSC IBMU", "course_start_date": "2023-06-01", "course_end_date": "2023-06-03", "company_name": null, "designation": null, "first_preferred_location": "LO", "second_preferred_location": "LMNO", "third_preferred_location": "LK", "forth_preferred_location": "KJHKJK", "working_type": "Placement", "work_start_date": "2023-06-30", "work_end_date": "Invalid date", "work_duration": "4 MONTHS", "contract_submit_date": null, "expr_certi_submit_date": null, "first_job_sector": "ABC", "second_job_sector": "DEF", "third_job_sector": "PQRS", "forth_job_sector": "JUHJ", "first_job_role": "EFG", "second_job_role": "HIGK", "third_job_role": "U", "forth_job_role": "KJKL", "course_duration": "27 Months", "visa_start_date": "2023-06-02", "visa_end_date": "2023-06-04", "fees_paid": false, "application_submitted": true}}, {"model": "student.student", "pk": "2e86ee36-47f9-4afb-b9fd-5bec0e00a5ff", "fields": {"auto_id": 18, "date_added": "2023-04-10T08:46:34.279Z", "creator": null, "is_deleted": false, "account": 30, "address": null, "dob": null, "profilepic": "", "cv": "", "cover_letter": "", "cover_letter_two": "", "linkedin_profile": "", "company_cv": "", "company_cv_two": "", "linkedin_username": null, "linkedin_password": null, "university": null, "university_dead_line": null, "course_campus": null, "course_title": null, "course_start_date": null, "course_end_date": null, "company_name": null, "designation": null, "first_preferred_location": null, "second_preferred_location": null, "third_preferred_location": null, "forth_preferred_location": null, "working_type": null, "work_start_date": null, "work_end_date": null, "work_duration": null, "contract_submit_date": null, "expr_certi_submit_date": null, "first_job_sector": null, "second_job_sector": null, "third_job_sector": null, "forth_job_sector": null, "first_job_role": null, "second_job_role": null, "third_job_role": null, "forth_job_role": null, "course_duration": null, "visa_start_date": null, "visa_end_date": null, "fees_paid": false, "application_submitted": false}}, {"model": "student.student", "pk": "5564e60b-0cc5-428d-a85a-bf32abd0c6e2", "fields": {"auto_id": 8, "date_added": "2023-03-07T17:42:53.242Z", "creator": null, "is_deleted": false, "account": 15, "address": "143 Dehavilland Close\nUB56RU\nNortholt, London.", "dob": "2000-07-02", "profilepic": "", "cv": "cv/RANIYA_VALIYAKATHODUKAYIL_-_CV..doc", "cover_letter": "", "cover_letter_two": "", "linkedin_profile": "", "company_cv": "", "company_cv_two": "", "linkedin_username": "Raniya Valiyakathodukayil", "linkedin_password": "", "university": "Anglia Ruskin University", "university_dead_line": "Invalid date", "course_campus": "Cambridge", "course_title": "MSc Clinical Child Psychology", "course_start_date": "2022-03-01", "course_end_date": "2023-03-31", "company_name": null, "designation": null, "first_preferred_location": "London", "second_preferred_location": "London", "third_preferred_location": "", "forth_preferred_location": "", "working_type": null, "work_start_date": "Invalid date", "work_end_date": "Invalid date", "work_duration": null, "contract_submit_date": null, "expr_certi_submit_date": null, "first_job_sector": "Health", "second_job_sector": "Health", "third_job_sector": "", "forth_job_sector": "", "first_job_role": "School psychologist", "second_job_role": "Counselor", "third_job_role": "", "forth_job_role": "", "course_duration": "15 months", "visa_start_date": "2022-02-21", "visa_end_date": "2023-10-23", "fees_paid": false, "application_submitted": true}}, {"model": "student.student", "pk": "56488645-8c4c-4721-b5bf-a9483ab1cc54", "fields": {"auto_id": 10, "date_added": "2023-03-18T15:29:49.087Z", "creator": null, "is_deleted": false, "account": 22, "address": "196a high road,  Romford \nRM6 6LU \nUnited Kingdom", "dob": "1997-12-20", "profilepic": "", "cv": "cv/untitled_1_Lan0tWg.pdf", "cover_letter": "", "cover_letter_two": "", "linkedin_profile": "", "company_cv": "", "company_cv_two": "", "linkedin_username": "", "linkedin_password": "", "university": "", "university_dead_line": "Invalid date", "course_campus": "", "course_title": "", "course_start_date": "2023-04-18", "course_end_date": "2023-03-20", "company_name": null, "designation": null, "first_preferred_location": "", "second_preferred_location": "", "third_preferred_location": "", "forth_preferred_location": "", "working_type": null, "work_start_date": null, "work_end_date": null, "work_duration": null, "contract_submit_date": null, "expr_certi_submit_date": null, "first_job_sector": "", "second_job_sector": "", "third_job_sector": "", "forth_job_sector": "", "first_job_role": "", "second_job_role": "", "third_job_role": "", "forth_job_role": "", "course_duration": "", "visa_start_date": "2023-04-18", "visa_end_date": "2023-04-18", "fees_paid": false, "application_submitted": true}}, {"model": "student.student", "pk": "5a297fbf-986e-49a9-a878-6cdf8ccf175a", "fields": {"auto_id": 19, "date_added": "2023-04-11T15:56:45.876Z", "creator": null, "is_deleted": false, "account": 31, "address": "Port Harcourt Rivers State Nigeria.", "dob": "2023-05-11", "profilepic": "", "cv": "", "cover_letter": "", "cover_letter_two": "", "linkedin_profile": "", "company_cv": "", "company_cv_two": "", "linkedin_username": "Bekee chioma Lilian", "linkedin_password": "", "university": "Rivers State University Port Harcourt Rivers State Nigeria", "university_dead_line": "2023-05-11", "course_campus": "Port Harcourt Rivers", "course_title": "Management", "course_start_date": "2023-05-11", "course_end_date": "2023-04-11", "company_name": null, "designation": null, "first_preferred_location": "Uk", "second_preferred_location": "Uk", "third_preferred_location": "Uk", "forth_preferred_location": "Uk", "working_type": "Internship", "work_start_date": "Invalid date", "work_end_date": "Invalid date", "work_duration": "", "contract_submit_date": null, "expr_certi_submit_date": null, "first_job_sector": "Food industry", "second_job_sector": "Legal", "third_job_sector": "Health", "forth_job_sector": "Management role", "first_job_role": "Chef", "second_job_role": "Paralegal", "third_job_role": "Hospital admin", "forth_job_role": "Marketing", "course_duration": "4years", "visa_start_date": "2023-05-11", "visa_end_date": "2023-05-11", "fees_paid": false, "application_submitted": true}}, {"model": "student.student", "pk": "6c02b3d1-66a3-4c12-9f1f-f275e1e842cb", "fields": {"auto_id": 29, "date_added": "2023-09-12T19:59:39.046Z", "creator": null, "is_deleted": false, "account": 50, "address": null, "dob": null, "profilepic": "", "cv": "", "cover_letter": "", "cover_letter_two": "", "linkedin_profile": "", "company_cv": "", "company_cv_two": "", "linkedin_username": null, "linkedin_password": null, "university": null, "university_dead_line": null, "course_campus": null, "course_title": null, "course_start_date": null, "course_end_date": null, "company_name": null, "designation": null, "first_preferred_location": null, "second_preferred_location": null, "third_preferred_location": null, "forth_preferred_location": null, "working_type": null, "work_start_date": null, "work_end_date": null, "work_duration": null, "contract_submit_date": null, "expr_certi_submit_date": null, "first_job_sector": null, "second_job_sector": null, "third_job_sector": null, "forth_job_sector": null, "first_job_role": null, "second_job_role": null, "third_job_role": null, "forth_job_role": null, "course_duration": null, "visa_start_date": null, "visa_end_date": null, "fees_paid": false, "application_submitted": false}}, {"model": "student.student", "pk": "7ea15935-99d5-40a3-b6b2-cac7a79f4649", "fields": {"auto_id": 26, "date_added": "2023-09-06T10:52:26.525Z", "creator": null, "is_deleted": false, "account": 47, "address": "", "dob": "2023-10-13", "profilepic": "", "cv": "", "cover_letter": "", "cover_letter_two": "", "linkedin_profile": "", "company_cv": "", "company_cv_two": "", "linkedin_username": "test", "linkedin_password": "12365479", "university": "University of East London", "university_dead_line": "2023-11-26", "course_campus": "nasra", "course_title": "MBA Supply Chain Management with Placement", "course_start_date": "2023-10-13", "course_end_date": "2023-09-13", "company_name": null, "designation": null, "first_preferred_location": "London", "second_preferred_location": "", "third_preferred_location": "", "forth_preferred_location": "", "working_type": "Internship", "work_start_date": "Invalid date", "work_end_date": "Invalid date", "work_duration": "test", "contract_submit_date": null, "expr_certi_submit_date": null, "first_job_sector": "Importers and Exporters", "second_job_sector": "", "third_job_sector": "", "forth_job_sector": "", "first_job_role": "Buyers and Procurement Officers", "second_job_role": "", "third_job_role": "", "forth_job_role": "", "course_duration": "3yr", "visa_start_date": "2023-10-13", "visa_end_date": "2023-10-13", "fees_paid": false, "application_submitted": true}}, {"model": "student.student", "pk": "94523fe6-de17-4a10-8340-a5a1d3857519", "fields": {"auto_id": 7, "date_added": "2023-03-06T15:49:15.977Z", "creator": null, "is_deleted": false, "account": 14, "address": "", "dob": "2023-07-14", "profilepic": "", "cv": "", "cover_letter": "", "cover_letter_two": "", "linkedin_profile": "", "company_cv": "", "company_cv_two": "", "linkedin_username": "", "linkedin_password": "", "university": "", "university_dead_line": "1940-07-18", "course_campus": "Mea", "course_title": "", "course_start_date": "2023-07-14", "course_end_date": "2023-06-14", "company_name": null, "designation": null, "first_preferred_location": "", "second_preferred_location": "", "third_preferred_location": "", "forth_preferred_location": "", "working_type": "Placement", "work_start_date": "Invalid date", "work_end_date": "Invalid date", "work_duration": "", "contract_submit_date": null, "expr_certi_submit_date": null, "first_job_sector": "", "second_job_sector": "", "third_job_sector": "", "forth_job_sector": "", "first_job_role": "", "second_job_role": "", "third_job_role": "", "forth_job_role": "", "course_duration": "", "visa_start_date": "2023-07-14", "visa_end_date": "2023-07-14", "fees_paid": true, "application_submitted": true}}, {"model": "student.student", "pk": "9a143729-7101-4d3a-9e62-f5e68313a92d", "fields": {"auto_id": 11, "date_added": "2023-03-18T15:38:13.254Z", "creator": null, "is_deleted": false, "account": 23, "address": "196A High Road,\nRomford,\nEssex,\nRM6 6LU", "dob": "1999-06-27", "profilepic": "", "cv": "", "cover_letter": "", "cover_letter_two": "", "linkedin_profile": "", "company_cv": "", "company_cv_two": "", "linkedin_username": "", "linkedin_password": "", "university": "Anglia Ruskin University", "university_dead_line": "Invalid date", "course_campus": "Cambridge", "course_title": "MSc International Business", "course_start_date": "2021-10-15", "course_end_date": "2023-03-20", "company_name": null, "designation": null, "first_preferred_location": "London", "second_preferred_location": "London", "third_preferred_location": "London", "forth_preferred_location": "", "working_type": null, "work_start_date": null, "work_end_date": null, "work_duration": null, "contract_submit_date": null, "expr_certi_submit_date": null, "first_job_sector": "Sales", "second_job_sector": "Business Development", "third_job_sector": "Hospitality", "forth_job_sector": "", "first_job_role": "Outbound Sales", "second_job_role": "Executive /Assistant", "third_job_role": "Administration/Team Lead", "forth_job_role": "", "course_duration": "1 Year", "visa_start_date": "2021-11-06", "visa_end_date": "2023-10-05", "fees_paid": false, "application_submitted": true}}, {"model": "student.student", "pk": "a69ffd28-a193-4002-86a2-660c0386c219", "fields": {"auto_id": 13, "date_added": "2023-03-22T09:45:50.572Z", "creator": null, "is_deleted": false, "account": 25, "address": "143 Dehavilland Close, Northolt, UB56RU", "dob": "1990-03-10", "profilepic": "", "cv": "cv/Rehmathunnisa_annachampally_cv.docx", "cover_letter": "cv/Cover_Letter.docx", "cover_letter_two": "", "linkedin_profile": "", "company_cv": "", "company_cv_two": "", "linkedin_username": "", "linkedin_password": "", "university": "University of Westminster", "university_dead_line": "Invalid date", "course_campus": "Cavendish", "course_title": "Biomedical Sciences (Clinical Biochemistry) MSc", "course_start_date": "2022-10-12", "course_end_date": "2023-10-29", "company_name": null, "designation": null, "first_preferred_location": "", "second_preferred_location": "", "third_preferred_location": "", "forth_preferred_location": "", "working_type": null, "work_start_date": "Invalid date", "work_end_date": "Invalid date", "work_duration": null, "contract_submit_date": null, "expr_certi_submit_date": null, "first_job_sector": "Health Services", "second_job_sector": "", "third_job_sector": "", "forth_job_sector": "", "first_job_role": "Biomedical scientist(Clinical Biochemist)", "second_job_role": "Medical laboratory assisstant", "third_job_role": "clinical scientist", "forth_job_role": "", "course_duration": "1 Year", "visa_start_date": "2022-09-30", "visa_end_date": "2024-02-19", "fees_paid": false, "application_submitted": true}}, {"model": "student.student", "pk": "c0263723-1de3-4926-9df0-9036f056fb6f", "fields": {"auto_id": 25, "date_added": "2023-09-05T17:04:30.427Z", "creator": null, "is_deleted": false, "account": 46, "address": null, "dob": null, "profilepic": "", "cv": "", "cover_letter": "", "cover_letter_two": "", "linkedin_profile": "", "company_cv": "", "company_cv_two": "", "linkedin_username": null, "linkedin_password": null, "university": null, "university_dead_line": null, "course_campus": null, "course_title": null, "course_start_date": null, "course_end_date": null, "company_name": null, "designation": null, "first_preferred_location": null, "second_preferred_location": null, "third_preferred_location": null, "forth_preferred_location": null, "working_type": null, "work_start_date": null, "work_end_date": null, "work_duration": null, "contract_submit_date": null, "expr_certi_submit_date": null, "first_job_sector": null, "second_job_sector": null, "third_job_sector": null, "forth_job_sector": null, "first_job_role": null, "second_job_role": null, "third_job_role": null, "forth_job_role": null, "course_duration": null, "visa_start_date": null, "visa_end_date": null, "fees_paid": false, "application_submitted": false}}, {"model": "student.student", "pk": "c3dec8b8-b811-4de3-a226-d1ead48949a5", "fields": {"auto_id": 22, "date_added": "2023-06-13T08:43:03.622Z", "creator": null, "is_deleted": false, "account": 43, "address": "Hjhhhvhjh\nDbsmsnsmdmdb\nBdnskmsmsdnnsm", "dob": "1989-10-30", "profilepic": "", "cv": "", "cover_letter": "", "cover_letter_two": "", "linkedin_profile": "", "company_cv": "", "company_cv_two": "", "linkedin_username": "Kjkjn", "linkedin_password": "", "university": "Manchester", "university_dead_line": "1935-05-23", "course_campus": "My city", "course_title": "Msc", "course_start_date": "2023-07-29", "course_end_date": "2023-06-13", "company_name": null, "designation": null, "first_preferred_location": "Klj", "second_preferred_location": "Bjv", "third_preferred_location": "Jgm", "forth_preferred_location": "", "working_type": "Placement", "work_start_date": "2023-07-13", "work_end_date": "2023-07-01", "work_duration": "12 monrhs", "contract_submit_date": null, "expr_certi_submit_date": null, "first_job_sector": "Yut", "second_job_sector": "Hjk", "third_job_sector": "Vjc", "forth_job_sector": "", "first_job_role": "Pol", "second_job_role": "Jkv", "third_job_role": "Bjv", "forth_job_role": "", "course_duration": "12 months", "visa_start_date": "2023-07-01", "visa_end_date": "1947-03-15", "fees_paid": true, "application_submitted": true}}, {"model": "student.student", "pk": "cde0f565-7bdd-47f2-99fa-613a6482e72d", "fields": {"auto_id": 14, "date_added": "2023-03-23T11:50:50.310Z", "creator": null, "is_deleted": false, "account": 26, "address": null, "dob": null, "profilepic": "", "cv": "", "cover_letter": "", "cover_letter_two": "cv/Screenshot_from_2023-04-01_10-40-47.png", "linkedin_profile": "", "company_cv": "company_cv/pngegg_6.png", "company_cv_two": "", "linkedin_username": null, "linkedin_password": null, "university": null, "university_dead_line": null, "course_campus": null, "course_title": null, "course_start_date": null, "course_end_date": null, "company_name": null, "designation": null, "first_preferred_location": null, "second_preferred_location": null, "third_preferred_location": null, "forth_preferred_location": null, "working_type": null, "work_start_date": null, "work_end_date": null, "work_duration": null, "contract_submit_date": null, "expr_certi_submit_date": null, "first_job_sector": null, "second_job_sector": null, "third_job_sector": null, "forth_job_sector": null, "first_job_role": null, "second_job_role": null, "third_job_role": null, "forth_job_role": null, "course_duration": null, "visa_start_date": null, "visa_end_date": null, "fees_paid": true, "application_submitted": true}}, {"model": "student.student", "pk": "d046223d-a42c-4901-a490-fd02c90b10c4", "fields": {"auto_id": 23, "date_added": "2023-07-16T16:57:28.799Z", "creator": null, "is_deleted": false, "account": 44, "address": null, "dob": null, "profilepic": "", "cv": "", "cover_letter": "", "cover_letter_two": "", "linkedin_profile": "", "company_cv": "", "company_cv_two": "", "linkedin_username": null, "linkedin_password": null, "university": null, "university_dead_line": null, "course_campus": null, "course_title": null, "course_start_date": null, "course_end_date": null, "company_name": null, "designation": null, "first_preferred_location": null, "second_preferred_location": null, "third_preferred_location": null, "forth_preferred_location": null, "working_type": null, "work_start_date": null, "work_end_date": null, "work_duration": null, "contract_submit_date": null, "expr_certi_submit_date": null, "first_job_sector": null, "second_job_sector": null, "third_job_sector": null, "forth_job_sector": null, "first_job_role": null, "second_job_role": null, "third_job_role": null, "forth_job_role": null, "course_duration": null, "visa_start_date": null, "visa_end_date": null, "fees_paid": false, "application_submitted": false}}, {"model": "student.student", "pk": "df199945-737e-4b5b-ac37-1c0b83c7fbf8", "fields": {"auto_id": 17, "date_added": "2023-04-04T04:58:13.064Z", "creator": null, "is_deleted": false, "account": 29, "address": null, "dob": null, "profilepic": "", "cv": "", "cover_letter": "", "cover_letter_two": "", "linkedin_profile": "", "company_cv": "", "company_cv_two": "", "linkedin_username": null, "linkedin_password": null, "university": null, "university_dead_line": null, "course_campus": null, "course_title": null, "course_start_date": null, "course_end_date": null, "company_name": null, "designation": null, "first_preferred_location": null, "second_preferred_location": null, "third_preferred_location": null, "forth_preferred_location": null, "working_type": null, "work_start_date": null, "work_end_date": null, "work_duration": null, "contract_submit_date": null, "expr_certi_submit_date": null, "first_job_sector": null, "second_job_sector": null, "third_job_sector": null, "forth_job_sector": null, "first_job_role": null, "second_job_role": null, "third_job_role": null, "forth_job_role": null, "course_duration": null, "visa_start_date": null, "visa_end_date": null, "fees_paid": false, "application_submitted": false}}, {"model": "student.student", "pk": "f67581bc-828d-45eb-8bd1-f0936d51556e", "fields": {"auto_id": 9, "date_added": "2023-03-18T12:26:24.049Z", "creator": null, "is_deleted": false, "account": 21, "address": "London - Whitefield\nLN456 78", "dob": "2023-04-18", "profilepic": "", "cv": "", "cover_letter": "", "cover_letter_two": "", "linkedin_profile": "", "company_cv": "", "company_cv_two": "", "linkedin_username": "", "linkedin_password": "", "university": "", "university_dead_line": "Invalid date", "course_campus": "", "course_title": "", "course_start_date": "2023-04-18", "course_end_date": "2023-03-24", "company_name": null, "designation": null, "first_preferred_location": "", "second_preferred_location": "", "third_preferred_location": "", "forth_preferred_location": "", "working_type": null, "work_start_date": "Invalid date", "work_end_date": "Invalid date", "work_duration": null, "contract_submit_date": null, "expr_certi_submit_date": null, "first_job_sector": "", "second_job_sector": "", "third_job_sector": "", "forth_job_sector": "", "first_job_role": "", "second_job_role": "", "third_job_role": "", "forth_job_role": "", "course_duration": "", "visa_start_date": "2023-04-18", "visa_end_date": "2023-04-18", "fees_paid": false, "application_submitted": true}}, {"model": "student.student", "pk": "f8407d84-6dc6-47fb-a3fe-440f21da8dc3", "fields": {"auto_id": 5, "date_added": "2023-02-09T19:22:41.519Z", "creator": null, "is_deleted": false, "account": 6, "address": "Flat 2 Trinity house, 26 B chapel street, Luton \r\nLU1 2SE", "dob": "1999-10-06", "profilepic": "", "cv": "cv/JOY_JOSEPH_PRO_CV.docx", "cover_letter": "", "cover_letter_two": "", "linkedin_profile": "", "company_cv": "", "company_cv_two": "", "linkedin_username": "Joy Joseph", "linkedin_password": "", "university": "University of bedfordshire", "university_dead_line": "2023-04-18", "course_campus": "Luton campus", "course_title": "Msc purchasing Logistics & SCM with data analytics", "course_start_date": "2022-04-01", "course_end_date": "2023-03-18", "company_name": null, "designation": null, "first_preferred_location": "UK", "second_preferred_location": "UK", "third_preferred_location": "UK", "forth_preferred_location": "", "working_type": "Internship", "work_start_date": null, "work_end_date": null, "work_duration": "", "contract_submit_date": null, "expr_certi_submit_date": null, "first_job_sector": "Logistics & SCM", "second_job_sector": "Logistics & SCM", "third_job_sector": "Logistics & SCM", "forth_job_sector": "", "first_job_role": "Warehouse operative", "second_job_role": "Supply chain coordinater", "third_job_role": "Supply chain analyst", "forth_job_role": "", "course_duration": "24 months", "visa_start_date": "2022-03-04", "visa_end_date": "2024-06-29", "fees_paid": true, "application_submitted": true}}, {"model": "student.student", "pk": "fc5aba20-ba14-43b3-836f-d623974119d7", "fields": {"auto_id": 28, "date_added": "2023-09-09T12:04:06.164Z", "creator": null, "is_deleted": false, "account": 49, "address": null, "dob": "2023-10-12", "profilepic": "", "cv": "", "cover_letter": "", "cover_letter_two": "", "linkedin_profile": "", "company_cv": "", "company_cv_two": "", "linkedin_username": "Abbas bin Abdul Rasak", "linkedin_password": null, "university": "BPP University", "university_dead_line": "Invalid date", "course_campus": "London- Waterloo", "course_title": "Advanced Diploma in Accounting and Finance", "course_start_date": "2020-04-02", "course_end_date": "2022-08-12", "company_name": null, "designation": null, "first_preferred_location": "United Kingdom", "second_preferred_location": "United Kingdom", "third_preferred_location": "United Kingdom", "forth_preferred_location": "", "working_type": null, "work_start_date": "Invalid date", "work_end_date": "Invalid date", "work_duration": null, "contract_submit_date": null, "expr_certi_submit_date": null, "first_job_sector": "Audit", "second_job_sector": "Operation Management", "third_job_sector": "Finance", "forth_job_sector": "", "first_job_role": "Audit Executive", "second_job_role": "Leading Management", "third_job_role": "Heading the department", "forth_job_role": "", "course_duration": "3 year", "visa_start_date": "2020-03-15", "visa_end_date": "2023-10-30", "fees_paid": false, "application_submitted": true}}, {"model": "student.specialization", "pk": "029a7bf1-8173-4808-adc0-e5bb1748b957", "fields": {"auto_id": 35, "date_added": "2023-06-13T11:48:27.713Z", "creator": null, "is_deleted": false, "title": "2", "status": "submitted", "description": "No need ", "student": "c3dec8b8-b811-4de3-a226-d1ead48949a5"}}, {"model": "student.specialization", "pk": "0705c11d-fec1-4cbd-80a0-f870c2f5b2e2", "fields": {"auto_id": 40, "date_added": "2023-09-09T12:21:32.820Z", "creator": null, "is_deleted": false, "title": "Financial Reporting", "status": "passed", "description": "", "student": "fc5aba20-ba14-43b3-836f-d623974119d7"}}, {"model": "student.specialization", "pk": "085ab6b3-957c-4dde-97bc-34290e760c0f", "fields": {"auto_id": 29, "date_added": "2023-03-18T23:40:22.395Z", "creator": null, "is_deleted": false, "title": "Project & Operations Management", "status": "passed", "description": "This module helps in checking and perfecting a sc flow related activities", "student": "f8407d84-6dc6-47fb-a3fe-440f21da8dc3"}}, {"model": "student.specialization", "pk": "24ce7640-2824-46b7-ba03-72e0f95fa449", "fields": {"auto_id": 36, "date_added": "2023-06-14T06:35:36.340Z", "creator": null, "is_deleted": false, "title": "Abc", "status": "passed", "description": "", "student": "94523fe6-de17-4a10-8340-a5a1d3857519"}}, {"model": "student.specialization", "pk": "360b4e0d-6f21-44fb-a770-61bda68eca2f", "fields": {"auto_id": 27, "date_added": "2023-03-18T23:40:22.389Z", "creator": null, "is_deleted": false, "title": "Sustainable Business management ", "status": "passed", "description": "Focuses on business accountability towards everything on a greener context", "student": "f8407d84-6dc6-47fb-a3fe-440f21da8dc3"}}, {"model": "student.specialization", "pk": "6639e045-b060-4fd0-b4cf-11a09fd744b8", "fields": {"auto_id": 28, "date_added": "2023-03-18T23:40:22.392Z", "creator": null, "is_deleted": false, "title": "Risk & Procurement Management", "status": "passed", "description": "It enables in running every scm effectively and efficiently", "student": "f8407d84-6dc6-47fb-a3fe-440f21da8dc3"}}, {"model": "student.specialization", "pk": "68c78115-190e-4303-8fef-242de86e3e41", "fields": {"auto_id": 37, "date_added": "2023-09-09T12:21:32.813Z", "creator": null, "is_deleted": false, "title": "Performance Management", "status": "passed", "description": "", "student": "fc5aba20-ba14-43b3-836f-d623974119d7"}}, {"model": "student.specialization", "pk": "766ffb5a-276b-4d2d-bce5-998dd1014866", "fields": {"auto_id": 38, "date_added": "2023-09-09T12:21:32.816Z", "creator": null, "is_deleted": false, "title": "Income Tax", "status": "passed", "description": "", "student": "fc5aba20-ba14-43b3-836f-d623974119d7"}}, {"model": "student.specialization", "pk": "76bb4741-ffac-4ba5-bb12-f212b53aea05", "fields": {"auto_id": 41, "date_added": "2023-09-09T12:21:32.822Z", "creator": null, "is_deleted": false, "title": "Auditing", "status": "passed", "description": "", "student": "fc5aba20-ba14-43b3-836f-d623974119d7"}}, {"model": "student.specialization", "pk": "7966ad77-9139-4fb8-b4e1-b30b4bba2619", "fields": {"auto_id": 39, "date_added": "2023-09-09T12:21:32.818Z", "creator": null, "is_deleted": false, "title": "Financial Management", "status": "passed", "description": "", "student": "fc5aba20-ba14-43b3-836f-d623974119d7"}}, {"model": "student.specialization", "pk": "864c9779-d643-4a8c-93c1-1720952740ed", "fields": {"auto_id": 32, "date_added": "2023-05-15T12:51:53.118Z", "creator": null, "is_deleted": false, "title": "1", "status": "passed", "description": "", "student": "271625ed-9664-402f-b66d-1819e65f97d6"}}, {"model": "student.specialization", "pk": "8b131220-0998-45ff-8ccc-72f8eb146a36", "fields": {"auto_id": 31, "date_added": "2023-03-18T23:40:22.400Z", "creator": null, "is_deleted": false, "title": "Personal Professional development", "status": "passed", "description": "Helps in putting any individuals personal values to be showcased in the future job market and so on", "student": "f8407d84-6dc6-47fb-a3fe-440f21da8dc3"}}, {"model": "student.specialization", "pk": "8f359b49-8275-40f6-9fe3-d5bdd4a327e8", "fields": {"auto_id": 30, "date_added": "2023-03-18T23:40:22.397Z", "creator": null, "is_deleted": false, "title": "Performance Achievement Planning", "status": "passed", "description": "This module helps in rating or evaluating any sc related activities", "student": "f8407d84-6dc6-47fb-a3fe-440f21da8dc3"}}, {"model": "student.specialization", "pk": "f0fe3999-0e12-452e-b155-905aa4e88a0d", "fields": {"auto_id": 34, "date_added": "2023-06-13T11:48:27.710Z", "creator": null, "is_deleted": false, "title": "1", "status": "submitted", "description": "2", "student": "c3dec8b8-b811-4de3-a226-d1ead48949a5"}}, {"model": "student.specialization", "pk": "f3e4245b-3cf1-4e92-b3ee-2f8f05e5eead", "fields": {"auto_id": 33, "date_added": "2023-05-15T12:51:53.120Z", "creator": null, "is_deleted": false, "title": "2", "status": "passed", "description": "", "student": "271625ed-9664-402f-b66d-1819e65f97d6"}}, {"model": "student.jobapplication", "pk": "5107e447-c783-4a85-87f0-0cc5365ecd8b", "fields": {"auto_id": 1, "date_added": "2023-05-20T15:24:46.577Z", "creator": null, "is_deleted": false, "date": null, "company": "test", "position": "tester", "job_description": "dev", "last_date": "2023-05-02", "country": "Bahrain", "category": "Engineering", "job_link": "https://stackoverflow.com/questions/1319338/combining-two-lists-and-removing-duplicates-without-removing-duplicates-in-orig"}}, {"model": "student.jobapplication", "pk": "542242e7-e9f7-47ce-836d-44d3db335660", "fields": {"auto_id": 3, "date_added": "2023-06-01T08:44:40.724Z", "creator": null, "is_deleted": false, "date": null, "company": "JP morgan", "position": "developer", "job_description": "practice and perform development works with IT departmnets", "last_date": "2023-07-01", "country": "United Kingdom", "category": "Information technology", "job_link": "https://www.jpmorganchase.com/"}}, {"model": "student.jobapplication", "pk": "ddc87613-841c-4c3b-b5ba-5d3a477f7034", "fields": {"auto_id": 2, "date_added": "2023-06-01T08:41:21.965Z", "creator": null, "is_deleted": false, "date": null, "company": "Tesco", "position": "Purchase manager", "job_description": "jvnjndjvnvjnvjdvd", "last_date": "2023-06-02", "country": "United Kingdom", "category": "Management and Business", "job_link": "https://www.tesco.com/"}}, {"model": "student.studentnote", "pk": "10b08708-da96-444f-8593-b870c9e25051", "fields": {"auto_id": 14, "date_added": "2023-03-18T12:58:41.076Z", "creator": 1, "is_deleted": false, "student": "08f5ab9a-4021-487b-8ca2-ea159c17e1c2", "title": "Notes", "note": "n order to land an entry-level job in Devops, you'll need a wide array of software knowledge and certifications.", "date": "2023-03-18T12:58:41.076Z"}}, {"model": "student.studentnote", "pk": "2143f17a-e5d3-4528-985c-e84d8f1d4144", "fields": {"auto_id": 11, "date_added": "2023-02-06T22:58:13.479Z", "creator": 1, "is_deleted": false, "student": "08f5ab9a-4021-487b-8ca2-ea159c17e1c2", "title": "Notes", "note": "Added security as an example with given  focused area (Devops)", "date": "2023-02-06T22:58:13.479Z"}}, {"model": "student.studentnote", "pk": "2201abab-b152-49ae-88dc-372587caeb55", "fields": {"auto_id": 21, "date_added": "2023-03-27T09:59:33.260Z", "creator": 1, "is_deleted": false, "student": "08f5ab9a-4021-487b-8ca2-ea159c17e1c2", "title": "Notes", "note": "Hi", "date": "2023-03-27T09:59:33.261Z"}}, {"model": "student.studentnote", "pk": "26c00a43-7314-4810-834f-79de1a384174", "fields": {"auto_id": 15, "date_added": "2023-03-18T13:00:09.899Z", "creator": 1, "is_deleted": false, "student": "08f5ab9a-4021-487b-8ca2-ea159c17e1c2", "title": "Notes", "note": "At the most basic level, you should have experience in automation tools such as", "date": "2023-03-18T13:00:09.900Z"}}, {"model": "student.studentnote", "pk": "2e08fd1f-c662-43ae-b50d-e270a372ca76", "fields": {"auto_id": 7, "date_added": "2023-02-06T11:21:43.136Z", "creator": 1, "is_deleted": false, "student": "08f5ab9a-4021-487b-8ca2-ea159c17e1c2", "title": "Notes", "note": "Do you have any achievements or awards", "date": "2023-02-06T11:21:43.136Z"}}, {"model": "student.studentnote", "pk": "32830c2a-29b0-43e3-9e6c-f4ad7b0d14cb", "fields": {"auto_id": 25, "date_added": "2023-09-06T10:41:24.832Z", "creator": 1, "is_deleted": false, "student": "c0263723-1de3-4926-9df0-9036f056fb6f", "title": "Notes", "note": "sdfsdf", "date": "2023-09-06T10:41:24.832Z"}}, {"model": "student.studentnote", "pk": "36c4dccd-07fc-4818-b95e-117979755807", "fields": {"auto_id": 19, "date_added": "2023-03-18T13:06:02.413Z", "creator": 1, "is_deleted": false, "student": "08f5ab9a-4021-487b-8ca2-ea159c17e1c2", "title": "Notes", "note": "Additionally, certifications such as the Amazon Certified DevOps Engineer can also give you an edge in your job search. With the right software knowledge and certifications, youll have the edge needed to start an entry-level Devops job.", "date": "2023-03-18T13:06:02.413Z"}}, {"model": "student.studentnote", "pk": "410dab51-10a9-41ca-a149-56cddf94f231", "fields": {"auto_id": 5, "date_added": "2023-02-06T11:19:38.697Z", "creator": 1, "is_deleted": false, "student": "08f5ab9a-4021-487b-8ca2-ea159c17e1c2", "title": "Notes", "note": "we need reference", "date": "2023-02-06T11:19:38.697Z"}}, {"model": "student.studentnote", "pk": "4a11efbe-07e6-41b6-acaa-e5fdca164a73", "fields": {"auto_id": 22, "date_added": "2023-05-20T15:48:28.747Z", "creator": 1, "is_deleted": false, "student": "0f938e53-5160-4164-8ea0-be6de98cf9c7", "title": "Notes", "note": "testtt\nee", "date": "2023-05-20T15:48:28.747Z"}}, {"model": "student.studentnote", "pk": "5f0d0e76-cdc3-4db7-8a4a-5e16e943d347", "fields": {"auto_id": 9, "date_added": "2023-02-06T11:22:43.847Z", "creator": 1, "is_deleted": false, "student": "08f5ab9a-4021-487b-8ca2-ea159c17e1c2", "title": "Notes", "note": "Your weak part is your lack of experience in the relevent field", "date": "2023-02-06T11:22:43.847Z"}}, {"model": "student.studentnote", "pk": "60c2f1be-aa54-40dc-8e09-9cfebe3447ca", "fields": {"auto_id": 13, "date_added": "2023-02-09T21:58:34.711Z", "creator": 1, "is_deleted": false, "student": "f8407d84-6dc6-47fb-a3fe-440f21da8dc3", "title": "Notes", "note": "Please request to complete the registration", "date": "2023-02-09T21:58:34.711Z"}}, {"model": "student.studentnote", "pk": "6b8e8160-2297-4de8-92e0-e879a231aadf", "fields": {"auto_id": 23, "date_added": "2023-06-13T10:24:59.703Z", "creator": 1, "is_deleted": false, "student": "c3dec8b8-b811-4de3-a226-d1ead48949a5", "title": "Notes", "note": "hi you can do the application soon", "date": "2023-06-13T10:24:59.703Z"}}, {"model": "student.studentnote", "pk": "76c2e0bc-f317-4141-8304-b072a7c26091", "fields": {"auto_id": 8, "date_added": "2023-02-06T11:22:23.805Z", "creator": 1, "is_deleted": false, "student": "08f5ab9a-4021-487b-8ca2-ea159c17e1c2", "title": "Notes", "note": "Your strong side is your program and completed modules", "date": "2023-02-06T11:22:23.805Z"}}, {"model": "student.studentnote", "pk": "7e99b2ac-d716-43cd-ac11-c1657ba2b826", "fields": {"auto_id": 4, "date_added": "2023-02-06T11:06:06.190Z", "creator": 1, "is_deleted": false, "student": "08f5ab9a-4021-487b-8ca2-ea159c17e1c2", "title": "Notes", "note": "We can keep the modules seperate and in skill section , we can add your soft and core skills \n\ncore skills should be the one you accured from your present and past qualifications", "date": "2023-02-06T11:06:06.190Z"}}, {"model": "student.studentnote", "pk": "81fbe183-2e05-4ccd-9ef0-c3099f5d8a66", "fields": {"auto_id": 10, "date_added": "2023-02-06T11:23:32.685Z", "creator": 1, "is_deleted": false, "student": "08f5ab9a-4021-487b-8ca2-ea159c17e1c2", "title": "Notes", "note": "Part time always use that you are developing your tea working skills or socil askills and communnication skills if its not relevent", "date": "2023-02-06T11:23:32.686Z"}}, {"model": "student.studentnote", "pk": "87891c2d-c79b-4fd7-93e2-6fd1087edec9", "fields": {"auto_id": 6, "date_added": "2023-02-06T11:21:24.333Z", "creator": 1, "is_deleted": false, "student": "08f5ab9a-4021-487b-8ca2-ea159c17e1c2", "title": "Notes", "note": "we need to add reference", "date": "2023-02-06T11:21:24.333Z"}}, {"model": "student.studentnote", "pk": "a5c0342f-4c3b-4d4a-91f8-6fec4a977647", "fields": {"auto_id": 16, "date_added": "2023-03-18T13:04:51.524Z", "creator": 1, "is_deleted": false, "student": "08f5ab9a-4021-487b-8ca2-ea159c17e1c2", "title": "Notes", "note": "Puppet, Chef, or Ansible. Knowledge of Bash and Python scripting are also essential for basic Devops tasks", "date": "2023-03-18T13:04:51.524Z"}}, {"model": "student.studentnote", "pk": "cf264af1-142d-4392-b79a-1f4776476855", "fields": {"auto_id": 20, "date_added": "2023-03-20T12:54:43.437Z", "creator": 1, "is_deleted": false, "student": "f8407d84-6dc6-47fb-a3fe-440f21da8dc3", "title": "Notes", "note": "Dear Joy \n\n\nThank you for providing me with your resume. I will take the time to carefully read it and provide you with my feedback and suggestions. I believe that doing a thorough review is essential in order to ensure I give the best advice and direction. Once I have reviewed your resume, I will be in contact to discuss the points further and provide you with my recommendations.\n\n\nIn the meantime, please do not hesitate to reach out with any questions or concerns you may have.", "date": "2023-03-20T12:54:43.437Z"}}, {"model": "student.studentnote", "pk": "f49aa640-f813-45c6-a0cd-5348a4649cd4", "fields": {"auto_id": 24, "date_added": "2023-06-13T10:25:00.057Z", "creator": 1, "is_deleted": false, "student": "c3dec8b8-b811-4de3-a226-d1ead48949a5", "title": "Notes", "note": "hi you can do the application soon", "date": "2023-06-13T10:25:00.057Z"}}, {"model": "student.studentnote", "pk": "fa40a589-916d-479c-9a0b-84a0e1287f10", "fields": {"auto_id": 17, "date_added": "2023-03-18T13:05:14.950Z", "creator": 1, "is_deleted": false, "student": "08f5ab9a-4021-487b-8ca2-ea159c17e1c2", "title": "Notes", "note": "Furthermore, an understanding of container orchestration technologies such as Kubernetes, Docker, and Mesos is a must-have skill in order to maintain distributed systems.", "date": "2023-03-18T13:05:14.950Z"}}, {"model": "student.studentnote", "pk": "ff7cbed5-3e32-4fcc-94a5-9419d261bca8", "fields": {"auto_id": 18, "date_added": "2023-03-18T13:05:43.329Z", "creator": 1, "is_deleted": false, "student": "08f5ab9a-4021-487b-8ca2-ea159c17e1c2", "title": "Notes", "note": "You should also be knowledgeable in cloud-based platforms such as Amazon Web Services and Google Cloud Platform, which are common technologies in Devops workflows", "date": "2023-03-18T13:05:43.329Z"}}, {"model": "authtoken.token", "pk": "06349646d6b4436ab8dc6aef176de94a018c744f", "fields": {"user": 49, "created": "2023-09-09T12:04:05.371Z"}}, {"model": "authtoken.token", "pk": "076120416004884ac464b5e4fc49174241af4129", "fields": {"user": 43, "created": "2023-06-13T08:43:02.441Z"}}, {"model": "authtoken.token", "pk": "08edd25b8bbe193ded3f32f100ef3f049a72e605", "fields": {"user": 44, "created": "2023-07-16T16:57:27.755Z"}}, {"model": "authtoken.token", "pk": "0d5ab89c98bd07187dc21f6ba3d00b344f28d0ba", "fields": {"user": 31, "created": "2023-04-11T15:56:45.011Z"}}, {"model": "authtoken.token", "pk": "17f7575848477515a44d995e36ffd0b75eb18cf4", "fields": {"user": 26, "created": "2023-03-23T11:50:49.777Z"}}, {"model": "authtoken.token", "pk": "247f36f8396be8c78dd9bf41076244a6f453fb0b", "fields": {"user": 25, "created": "2023-03-22T09:45:49.836Z"}}, {"model": "authtoken.token", "pk": "46e7fd55cdec08f20bdd7903088235c9b17691c8", "fields": {"user": 21, "created": "2023-03-18T12:26:23.661Z"}}, {"model": "authtoken.token", "pk": "4750e6038fc63c728569d181caff9f47cf6b14af", "fields": {"user": 6, "created": "2023-02-09T19:22:40.860Z"}}, {"model": "authtoken.token", "pk": "49c82d488a7700cb3e8d2ba6a8f59e20cb0efb65", "fields": {"user": 29, "created": "2023-04-04T04:58:12.645Z"}}, {"model": "authtoken.token", "pk": "5b318a5fd060d0fd9a41104d55bd7912833c7d65", "fields": {"user": 1, "created": "2023-01-29T11:35:21.074Z"}}, {"model": "authtoken.token", "pk": "5c269550921b524febfee90a8836dcbca62a012e", "fields": {"user": 3, "created": "2023-01-31T21:22:36.948Z"}}, {"model": "authtoken.token", "pk": "68798d0bef90293abbbd046ffb95bcb11e108a41", "fields": {"user": 30, "created": "2023-04-10T08:46:32.875Z"}}, {"model": "authtoken.token", "pk": "691d3cd8daebedc27b169ec6d3a40cdfd8af2374", "fields": {"user": 50, "created": "2023-09-12T19:59:37.898Z"}}, {"model": "authtoken.token", "pk": "709da6456cde3095aebe59d67aeebfbf6b98e7bd", "fields": {"user": 27, "created": "2023-04-03T03:03:56.335Z"}}, {"model": "authtoken.token", "pk": "7d7efaea807a7fbc722dbe1821fbb8664acb5cb5", "fields": {"user": 14, "created": "2023-03-06T15:49:15.335Z"}}, {"model": "authtoken.token", "pk": "7e1e66f115fa9ed2ac752396044dc13193b85f05", "fields": {"user": 48, "created": "2023-09-06T14:58:51.236Z"}}, {"model": "authtoken.token", "pk": "7f682ef09f8ef3f61035f929bf942e6120ce9fdd", "fields": {"user": 39, "created": "2023-05-15T12:38:05.197Z"}}, {"model": "authtoken.token", "pk": "85119b47b85eabd997bd0cf8b5c63f4661e42c0f", "fields": {"user": 22, "created": "2023-03-18T15:29:48.529Z"}}, {"model": "authtoken.token", "pk": "89a8312b18db2acd61d7df6eefc487449a7a0ac0", "fields": {"user": 24, "created": "2023-03-21T06:15:35.248Z"}}, {"model": "authtoken.token", "pk": "9eaae4456faf13bf5582df481a9aa5fe2daeff4a", "fields": {"user": 45, "created": "2023-09-05T15:07:45.185Z"}}, {"model": "authtoken.token", "pk": "a8749a2e1c3905afa942a058411d42256bd8586a", "fields": {"user": 23, "created": "2023-03-18T15:38:12.631Z"}}, {"model": "authtoken.token", "pk": "ab429a6dc05adc91b49b4210c0e5d653bfa05740", "fields": {"user": 46, "created": "2023-09-05T17:04:29.338Z"}}, {"model": "authtoken.token", "pk": "b31ce6aaa46f8d4041870293732f06164b960dda", "fields": {"user": 28, "created": "2023-04-03T11:34:23.798Z"}}, {"model": "authtoken.token", "pk": "b5f03dac77cf412a1d0a303eb193f7cdfc1aa8e3", "fields": {"user": 47, "created": "2023-09-06T10:52:25.875Z"}}, {"model": "authtoken.token", "pk": "f9e3c480cf3260c7a358a8b0f3e6d512afecd9d1", "fields": {"user": 15, "created": "2023-03-07T17:42:52.500Z"}}]